Temperature,Simulations,Return,Discounted Return,Map
1,49,1.0,0.9616943356035061,"['SFFF', 'FFHH', 'HFFH', 'HHFG']"
1,49,1.0,0.9733217421754432,"['SFFF', 'FFHH', 'HFFH', 'HHFG']"
1,49,1.0,0.985089730404757,"['SFFF', 'FFHH', 'HFFH', 'HHFG']"
1,69,1.0,0.9193151828650342,"['SFFF', 'FFHH', 'HFFH', 'HHFG']"
1,69,1.0,0.9762504936564125,"['SFFF', 'FFHH', 'HFFH', 'HHFG']"
1,69,1.0,0.9530650263643888,"['SFFF', 'FFHH', 'HFFH', 'HHFG']"
1,98,1.0,0.9762504936564125,"['SFFF', 'FFHH', 'HFFH', 'HHFG']"
1,98,1.0,0.9733217421754432,"['SFFF', 'FFHH', 'HFFH', 'HHFG']"
1,98,1.0,0.9588092525966956,"['SFFF', 'FFHH', 'HFFH', 'HHFG']"
1,15,1.0,0.9220814271464737,"['SFFF', 'FFHH', 'HFHF', 'FFFG']"
1,15,1.0,0.798246224976786,"['SFFF', 'FFHH', 'HFHF', 'FFFG']"
1,15,1.0,0.7539540549517295,"['SFFF', 'FFHH', 'HFHF', 'FFFG']"
1,23,1.0,0.90289112180858,"['SFFF', 'FFHH', 'HFHF', 'FFFG']"
1,23,1.0,0.9821344612135428,"['SFFF', 'FFHH', 'HFHF', 'FFFG']"
1,23,1.0,0.9332298921513504,"['SFFF', 'FFHH', 'HFHF', 'FFFG']"
1,29,1.0,0.8761671489944468,"['SFFF', 'FFHH', 'HFHF', 'FFFG']"
1,29,1.0,0.857932408958235,"['SFFF', 'FFHH', 'HFHF', 'FFFG']"
1,29,1.0,0.9138075656044898,"['SFFF', 'FFHH', 'HFHF', 'FFFG']"
1,31,1.0,0.8735386475474635,"['SFFF', 'FFHH', 'HFHF', 'FFFG']"
1,31,1.0,0.9733217421754432,"['SFFF', 'FFHH', 'HFHF', 'FFFG']"
1,31,1.0,0.9733217421754432,"['SFFF', 'FFHH', 'HFHF', 'FFFG']"
1,32,1.0,0.9001824484431542,"['SFFF', 'FFHH', 'HFHF', 'FFFG']"
1,32,1.0,0.9733217421754432,"['SFFF', 'FFHH', 'HFHF', 'FFFG']"
1,32,1.0,0.9588092525966956,"['SFFF', 'FFHH', 'HFHF', 'FFFG']"
1,33,1.0,0.8657003616774767,"['SFFF', 'FFHH', 'HFHF', 'FFFG']"
1,33,1.0,0.9530650263643888,"['SFFF', 'FFHH', 'HFHF', 'FFFG']"
1,33,1.0,0.9588092525966956,"['SFFF', 'FFHH', 'HFHF', 'FFFG']"
1,34,1.0,0.9588092525966956,"['SFFF', 'FFHH', 'HFHF', 'FFFG']"
1,34,1.0,0.8921050870283477,"['SFFF', 'FFHH', 'HFHF', 'FFFG']"
1,34,1.0,0.9704017769489168,"['SFFF', 'FFHH', 'HFHF', 'FFFG']"
1,40,1.0,0.93603800616986,"['SFFF', 'FFHH', 'HFHF', 'FFFG']"
1,40,1.0,0.9388545698794984,"['SFFF', 'FFHH', 'HFHF', 'FFFG']"
1,40,1.0,0.9559328248389055,"['SFFF', 'FFHH', 'HFHF', 'FFFG']"
1,44,1.0,0.9502058312852957,"['SFFF', 'FFHH', 'HFHF', 'HFFG']"
1,44,1.0,0.9791880578299021,"['SFFF', 'FFHH', 'HFHF', 'HFFG']"
1,44,1.0,0.9674905716180701,"['SFFF', 'FFHH', 'HFHF', 'HFFG']"
1,14,1.0,0.9821344612135428,"['SFFF', 'FFHH', 'HFHH', 'FFFG']"
1,14,0.0,0.0,"['SFFF', 'FFHH', 'HFHH', 'FFFG']"
1,14,0.0,0.0,"['SFFF', 'FFHH', 'HFHH', 'FFFG']"
1,22,1.0,0.8553586117313603,"['SFFF', 'FFHH', 'HFHH', 'FFFG']"
1,22,1.0,0.9165572373164391,"['SFFF', 'FFHH', 'HFHH', 'FFFG']"
1,22,1.0,0.9001824484431542,"['SFFF', 'FFHH', 'HFHH', 'FFFG']"
1,33,1.0,0.8867604854519608,"['SFFF', 'FFHH', 'HFHH', 'FFFG']"
1,33,1.0,0.9704017769489168,"['SFFF', 'FFHH', 'HFHH', 'FFFG']"
1,33,1.0,0.9762504936564125,"['SFFF', 'FFHH', 'HFHH', 'FFFG']"
1,39,1.0,0.8894287717672626,"['SFFF', 'FFHH', 'HFHH', 'FFFG']"
1,39,1.0,0.9416796087056153,"['SFFF', 'FFHH', 'HFHH', 'FFFG']"
1,39,1.0,0.985089730404757,"['SFFF', 'FFHH', 'HFHH', 'FFFG']"
1,49,1.0,0.7539540549517295,"['SFFF', 'FFHH', 'HFHH', 'FFFG']"
1,49,1.0,0.985089730404757,"['SFFF', 'FFHH', 'HFHH', 'FFFG']"
1,49,1.0,0.9416796087056153,"['SFFF', 'FFHH', 'HFHH', 'FFFG']"
1,32,1.0,0.9791880578299021,"['SFFF', 'FFHH', 'HFHH', 'HFFG']"
1,32,1.0,0.860513950810667,"['SFFF', 'FFHH', 'HFHH', 'HFFG']"
1,32,0.0,0.0,"['SFFF', 'FFHH', 'HFHH', 'HFFG']"
1,37,1.0,0.8451404054461714,"['SFFF', 'FFHH', 'HFHH', 'HFFG']"
1,37,1.0,0.8894287717672626,"['SFFF', 'FFHH', 'HFHH', 'HFFG']"
1,37,1.0,0.837556937769312,"['SFFF', 'FFHH', 'HFHH', 'HFFG']"
1,38,1.0,0.9645880999032158,"['SFFF', 'FFHH', 'HFHH', 'HFFG']"
1,38,1.0,0.8761671489944468,"['SFFF', 'FFHH', 'HFHH', 'HFFG']"
1,38,1.0,0.8683052775100066,"['SFFF', 'FFHH', 'HFHH', 'HFFG']"
1,41,1.0,0.9332298921513504,"['SFFF', 'FFHH', 'HFHH', 'HFFG']"
1,41,1.0,0.9674905716180701,"['SFFF', 'FFHH', 'HFHH', 'HFFG']"
1,41,1.0,0.9704017769489168,"['SFFF', 'FFHH', 'HFHH', 'HFFG']"
1,43,1.0,0.9276389118674717,"['SFFF', 'FFHH', 'HFHH', 'HFFG']"
1,43,1.0,0.9138075656044898,"['SFFF', 'FFHH', 'HFHH', 'HFFG']"
1,43,1.0,0.8867604854519608,"['SFFF', 'FFHH', 'HFHH', 'HFFG']"
1,48,1.0,0.9083329444789534,"['SFFF', 'FFHH', 'HFHH', 'HFFG']"
1,48,1.0,0.9056079456455165,"['SFFF', 'FFHH', 'HFHH', 'HFFG']"
1,48,1.0,0.9821344612135428,"['SFFF', 'FFHH', 'HFHH', 'HFFG']"
1,58,1.0,0.9083329444789534,"['SFFF', 'FFHH', 'HFHH', 'HFFG']"
1,58,1.0,0.9332298921513504,"['SFFF', 'FFHH', 'HFHH', 'HFFG']"
1,58,1.0,0.9821344612135428,"['SFFF', 'FFHH', 'HFHH', 'HFFG']"
1,2,0.0,0.0,"['SFFF', 'FHFF', 'FFFF', 'FFFG']"
1,2,0.0,0.0,"['SFFF', 'FHFF', 'FFFF', 'FFFG']"
1,2,0.0,0.0,"['SFFF', 'FHFF', 'FFFF', 'FFFG']"
1,3,0.0,0.0,"['SFFF', 'FHFF', 'FFFF', 'FFFG']"
1,3,0.0,0.0,"['SFFF', 'FHFF', 'FFFF', 'FFFG']"
1,3,0.0,0.0,"['SFFF', 'FHFF', 'FFFF', 'FFFG']"
1,5,0.0,0.0,"['SFFF', 'FHFF', 'FFFF', 'FFFG']"
1,5,0.0,0.0,"['SFFF', 'FHFF', 'FFFF', 'FFFG']"
1,5,0.0,0.0,"['SFFF', 'FHFF', 'FFFF', 'FFFG']"
1,3,0.0,0.0,"['SFFF', 'FHFF', 'FFFF', 'FHFG']"
1,3,0.0,0.0,"['SFFF', 'FHFF', 'FFFF', 'FHFG']"
1,3,0.0,0.0,"['SFFF', 'FHFF', 'FFFF', 'FHFG']"
1,8,0.0,0.0,"['SFFF', 'FHFF', 'FFFF', 'FHFG']"
1,8,0.0,0.0,"['SFFF', 'FHFF', 'FFFF', 'FHFG']"
1,8,0.0,0.0,"['SFFF', 'FHFF', 'FFFF', 'FHFG']"
1,1,0.0,0.0,"['SFFF', 'FHFF', 'FFFF', 'HFFG']"
1,1,0.0,0.0,"['SFFF', 'FHFF', 'FFFF', 'HFFG']"
1,1,0.0,0.0,"['SFFF', 'FHFF', 'FFFF', 'HFFG']"
1,7,0.0,0.0,"['SFFF', 'FHFF', 'FFFH', 'FFFG']"
1,7,0.0,0.0,"['SFFF', 'FHFF', 'FFFH', 'FFFG']"
1,7,1.0,0.8054737627981655,"['SFFF', 'FHFF', 'FFFH', 'FFFG']"
1,8,0.0,0.0,"['SFFF', 'FHFF', 'FFFH', 'FFFG']"
1,8,0.0,0.0,"['SFFF', 'FHFF', 'FFFH', 'FFFG']"
1,8,0.0,0.0,"['SFFF', 'FHFF', 'FFFH', 'FFFG']"
1,11,0.0,0.0,"['SFFF', 'FHFF', 'FFFH', 'FFFG']"
1,11,1.0,0.8275513922024125,"['SFFF', 'FHFF', 'FFFH', 'FFFG']"
1,11,1.0,0.9220814271464737,"['SFFF', 'FHFF', 'FFFH', 'FFFG']"
1,13,1.0,0.857932408958235,"['SFFF', 'FHFF', 'FFFH', 'FFFG']"
1,13,0.0,0.0,"['SFFF', 'FHFF', 'FFFH', 'FFFG']"
1,13,0.0,0.0,"['SFFF', 'FHFF', 'FFFH', 'FFFG']"
1,24,1.0,0.8709180316048211,"['SFFF', 'FHFF', 'FFFH', 'FHFG']"
1,24,0.0,0.0,"['SFFF', 'FHFF', 'FFFH', 'FHFG']"
1,24,1.0,0.7630697687590515,"['SFFF', 'FHFF', 'FFFH', 'FHFG']"
1,50,1.0,0.9530650263643888,"['SFFF', 'FHFF', 'FFFH', 'FHFG']"
1,50,1.0,0.9733217421754432,"['SFFF', 'FHFF', 'FFFH', 'FHFG']"
1,50,1.0,0.9821344612135428,"['SFFF', 'FHFF', 'FFFH', 'FHFG']"
1,16,0.0,0.0,"['SFFF', 'FHFF', 'FFFH', 'HFFG']"
1,16,0.0,0.0,"['SFFF', 'FHFF', 'FFFH', 'HFFG']"
1,16,1.0,0.8426049842298329,"['SFFF', 'FHFF', 'FFFH', 'HFFG']"
1,7,0.0,0.0,"['SFFF', 'FHFF', 'FFFH', 'HHFG']"
1,7,0.0,0.0,"['SFFF', 'FHFF', 'FFFH', 'HHFG']"
1,7,0.0,0.0,"['SFFF', 'FHFF', 'FFFH', 'HHFG']"
1,11,0.0,0.0,"['SFFF', 'FHFF', 'FFFH', 'HHFG']"
1,11,0.0,0.0,"['SFFF', 'FHFF', 'FFFH', 'HHFG']"
1,11,1.0,0.8657003616774767,"['SFFF', 'FHFF', 'FFFH', 'HHFG']"
1,24,1.0,0.7539540549517295,"['SFFF', 'FHFF', 'FFFH', 'HHFG']"
1,24,1.0,0.9388545698794984,"['SFFF', 'FHFF', 'FFFH', 'HHFG']"
1,24,1.0,0.9588092525966956,"['SFFF', 'FHFF', 'FFFH', 'HHFG']"
1,5,0.0,0.0,"['SFFF', 'FHFF', 'FFHF', 'FFFG']"
1,5,0.0,0.0,"['SFFF', 'FHFF', 'FFHF', 'FFFG']"
1,5,0.0,0.0,"['SFFF', 'FHFF', 'FFHF', 'FFFG']"
1,41,1.0,0.9304302024748964,"['SFFF', 'FHFF', 'FFHF', 'FFFG']"
1,41,1.0,0.9445131481500655,"['SFFF', 'FHFF', 'FFHF', 'FFFG']"
1,41,1.0,0.9304302024748964,"['SFFF', 'FHFF', 'FFHF', 'FFFG']"
1,2,0.0,0.0,"['SFFF', 'FHFF', 'FFHF', 'HFFG']"
1,2,0.0,0.0,"['SFFF', 'FHFF', 'FFHF', 'HFFG']"
1,2,0.0,0.0,"['SFFF', 'FHFF', 'FFHF', 'HFFG']"
1,13,0.0,0.0,"['SFFF', 'FHFF', 'FFHH', 'FFFG']"
1,13,1.0,0.9083329444789534,"['SFFF', 'FHFF', 'FFHH', 'FFFG']"
1,13,0.0,0.0,"['SFFF', 'FHFF', 'FFHH', 'FFFG']"
1,17,1.0,0.7887102894272789,"['SFFF', 'FHFF', 'FFHH', 'FFFG']"
1,17,1.0,0.9220814271464737,"['SFFF', 'FHFF', 'FFHH', 'FFFG']"
1,17,1.0,0.7792882711929549,"['SFFF', 'FHFF', 'FFHH', 'FFFG']"
1,40,1.0,0.93603800616986,"['SFFF', 'FHFF', 'FFHH', 'FFFG']"
1,40,1.0,0.9165572373164391,"['SFFF', 'FHFF', 'FFHH', 'FFFG']"
1,40,1.0,0.8735386475474635,"['SFFF', 'FHFF', 'FFHH', 'FFFG']"
1,37,0.0,0.0,"['SFFF', 'FHFF', 'FFHH', 'HFFG']"
1,37,1.0,0.8974819010978248,"['SFFF', 'FHFF', 'FFHH', 'HFFG']"
1,37,1.0,0.9762504936564125,"['SFFF', 'FHFF', 'FFHH', 'HFFG']"
1,47,1.0,0.9762504936564125,"['SFFF', 'FHFF', 'FFHH', 'HFFG']"
1,47,1.0,0.9791880578299021,"['SFFF', 'FHFF', 'FFHH', 'HFFG']"
1,47,1.0,0.9645880999032158,"['SFFF', 'FHFF', 'FFHH', 'HFFG']"
1,56,1.0,0.9674905716180701,"['SFFF', 'FHFF', 'FFHH', 'HFFG']"
1,56,1.0,0.9821344612135428,"['SFFF', 'FHFF', 'FFHH', 'HFFG']"
1,56,1.0,0.9821344612135428,"['SFFF', 'FHFF', 'FFHH', 'HFFG']"
1,75,1.0,0.9733217421754432,"['SFFF', 'FHFF', 'FFHH', 'HFFG']"
1,75,1.0,0.9165572373164391,"['SFFF', 'FHFF', 'FFHH', 'HFFG']"
1,75,1.0,0.9733217421754432,"['SFFF', 'FHFF', 'FFHH', 'HFFG']"
1,92,1.0,0.9304302024748964,"['SFFF', 'FHFF', 'FFHH', 'HFFG']"
1,92,1.0,0.9674905716180701,"['SFFF', 'FHFF', 'FFHH', 'HFFG']"
1,92,1.0,0.9674905716180701,"['SFFF', 'FHFF', 'FFHH', 'HFFG']"
1,100,1.0,0.985089730404757,"['SFFF', 'FHFF', 'FFHH', 'HFFG']"
1,100,1.0,0.9502058312852957,"['SFFF', 'FHFF', 'FFHH', 'HFFG']"
1,100,1.0,0.9332298921513504,"['SFFF', 'FHFF', 'FFHH', 'HFFG']"
1,4,0.0,0.0,"['SFFF', 'FHFF', 'FHFF', 'FFHG']"
1,4,0.0,0.0,"['SFFF', 'FHFF', 'FHFF', 'FFHG']"
1,4,0.0,0.0,"['SFFF', 'FHFF', 'FHFF', 'FFHG']"
1,2,1.0,0.9616943356035061,"['SFFF', 'FHFF', 'FHFF', 'HFHG']"
1,2,0.0,0.0,"['SFFF', 'FHFF', 'FHFF', 'HFHG']"
1,2,0.0,0.0,"['SFFF', 'FHFF', 'FHFF', 'HFHG']"
1,9,0.0,0.0,"['SFFF', 'FHFF', 'FHFH', 'FFFG']"
1,9,0.0,0.0,"['SFFF', 'FHFF', 'FHFH', 'FFFG']"
1,9,1.0,0.7584982177744161,"['SFFF', 'FHFF', 'FHFH', 'FFFG']"
1,12,1.0,0.8250687380258053,"['SFFF', 'FHFF', 'FHFH', 'FFFG']"
1,12,0.0,0.0,"['SFFF', 'FHFF', 'FHFH', 'FFFG']"
1,12,1.0,0.860513950810667,"['SFFF', 'FHFF', 'FHFH', 'FFFG']"
1,14,1.0,0.9110661429076764,"['SFFF', 'FHFF', 'FHFH', 'FFFG']"
1,14,0.0,0.0,"['SFFF', 'FHFF', 'FHFH', 'FFFG']"
1,14,0.0,0.0,"['SFFF', 'FHFF', 'FHFH', 'FFFG']"
1,23,1.0,0.835044266956004,"['SFFF', 'FHFF', 'FHFH', 'FFFG']"
1,23,1.0,0.9559328248389055,"['SFFF', 'FHFF', 'FHFH', 'FFFG']"
1,23,0.0,0.0,"['SFFF', 'FHFF', 'FHFH', 'FFFG']"
1,10,0.0,0.0,"['SFFF', 'FHFF', 'FHFH', 'FHFG']"
1,10,0.0,0.0,"['SFFF', 'FHFF', 'FHFH', 'FHFG']"
1,10,1.0,0.7516921927868743,"['SFFF', 'FHFF', 'FHFH', 'FHFG']"
1,15,0.0,0.0,"['SFFF', 'FHFF', 'FHFH', 'FHFG']"
1,15,0.0,0.0,"['SFFF', 'FHFF', 'FHFH', 'FHFG']"
1,15,0.0,0.0,"['SFFF', 'FHFF', 'FHFH', 'FHFG']"
1,21,1.0,0.835044266956004,"['SFFF', 'FHFF', 'FHFH', 'FHFG']"
1,21,1.0,0.8735386475474635,"['SFFF', 'FHFF', 'FHFH', 'FHFG']"
1,21,1.0,0.9001824484431542,"['SFFF', 'FHFF', 'FHFH', 'FHFG']"
1,30,1.0,0.78398512608332,"['SFFF', 'FHFF', 'FHFH', 'FHFG']"
1,30,1.0,0.776950406379376,"['SFFF', 'FHFF', 'FHFH', 'FHFG']"
1,30,1.0,0.9276389118674717,"['SFFF', 'FHFF', 'FHFH', 'FHFG']"
1,8,0.0,0.0,"['SFFF', 'FHFF', 'FHFH', 'HFFG']"
1,8,0.0,0.0,"['SFFF', 'FHFF', 'FHFH', 'HFFG']"
1,8,0.0,0.0,"['SFFF', 'FHFF', 'FHFH', 'HFFG']"
1,11,0.0,0.0,"['SFFF', 'FHFF', 'FHFH', 'HFFG']"
1,11,1.0,0.8788035596734672,"['SFFF', 'FHFF', 'FHFH', 'HFFG']"
1,11,0.0,0.0,"['SFFF', 'FHFF', 'FHFH', 'HFFG']"
1,39,1.0,0.8176653739626438,"['SFFF', 'FHFF', 'FHFH', 'HFFG']"
1,39,1.0,0.9645880999032158,"['SFFF', 'FHFF', 'FHFH', 'HFFG']"
1,39,1.0,0.884100203995605,"['SFFF', 'FHFF', 'FHFH', 'HFFG']"
1,11,1.0,0.9388545698794984,"['SFFF', 'FHFF', 'FHFH', 'HHFG']"
1,11,0.0,0.0,"['SFFF', 'FHFF', 'FHFH', 'HHFG']"
1,11,1.0,0.7958514863018556,"['SFFF', 'FHFF', 'FHFH', 'HHFG']"
1,15,1.0,0.8631032605924442,"['SFFF', 'FHFF', 'FHFH', 'HHFG']"
1,15,0.0,0.0,"['SFFF', 'FHFF', 'FHFH', 'HHFG']"
1,15,0.0,0.0,"['SFFF', 'FHFF', 'FHFH', 'HHFG']"
1,2,0.0,0.0,"['SFFF', 'FHFF', 'FHHF', 'FFFG']"
1,2,0.0,0.0,"['SFFF', 'FHFF', 'FHHF', 'FFFG']"
1,2,0.0,0.0,"['SFFF', 'FHFF', 'FHHF', 'FFFG']"
1,5,0.0,0.0,"['SFFF', 'FHFF', 'FHHF', 'FHFG']"
1,5,1.0,0.8527925358961662,"['SFFF', 'FHFF', 'FHHF', 'FHFG']"
1,5,0.0,0.0,"['SFFF', 'FHFF', 'FHHF', 'FHFG']"
1,2,0.0,0.0,"['SFFF', 'FHFF', 'FHHF', 'HFFG']"
1,2,0.0,0.0,"['SFFF', 'FHFF', 'FHHF', 'HFFG']"
1,2,0.0,0.0,"['SFFF', 'FHFF', 'FHHF', 'HFFG']"
1,4,0.0,0.0,"['SFFF', 'FHFF', 'FHHF', 'HFFG']"
1,4,0.0,0.0,"['SFFF', 'FHFF', 'FHHF', 'HFFG']"
1,4,0.0,0.0,"['SFFF', 'FHFF', 'FHHF', 'HFFG']"
1,5,0.0,0.0,"['SFFF', 'FHFF', 'FHHF', 'HHHG']"
1,5,0.0,0.0,"['SFFF', 'FHFF', 'FHHF', 'HHHG']"
1,5,0.0,0.0,"['SFFF', 'FHFF', 'FHHF', 'HHHG']"
1,23,0.0,0.0,"['SFFF', 'FHFF', 'FHHH', 'FFFG']"
1,23,1.0,0.8300415167526705,"['SFFF', 'FHFF', 'FHHH', 'FFFG']"
1,23,1.0,0.9616943356035061,"['SFFF', 'FHFF', 'FHHH', 'FFFG']"
1,27,1.0,0.9056079456455165,"['SFFF', 'FHFF', 'FHHH', 'FFFG']"
1,27,1.0,0.9220814271464737,"['SFFF', 'FHFF', 'FHHH', 'FFFG']"
1,27,1.0,0.7722956964947572,"['SFFF', 'FHFF', 'FHHH', 'FFFG']"
1,39,1.0,0.9332298921513504,"['SFFF', 'FHFF', 'FHHH', 'FFFG']"
1,39,1.0,0.9220814271464737,"['SFFF', 'FHFF', 'FHHH', 'FFFG']"
1,39,1.0,0.9821344612135428,"['SFFF', 'FHFF', 'FHHH', 'FFFG']"
1,63,1.0,0.8974819010978248,"['SFFF', 'FHFF', 'FHHH', 'FFFG']"
1,63,1.0,0.9791880578299021,"['SFFF', 'FHFF', 'FHHH', 'FFFG']"
1,63,1.0,0.9762504936564125,"['SFFF', 'FHFF', 'FHHH', 'FFFG']"
1,2,0.0,0.0,"['SFFF', 'FHFF', 'HFFF', 'FFFG']"
1,2,0.0,0.0,"['SFFF', 'FHFF', 'HFFF', 'FFFG']"
1,2,0.0,0.0,"['SFFF', 'FHFF', 'HFFF', 'FFFG']"
1,2,0.0,0.0,"['SFFF', 'FHFF', 'HFFF', 'HFHG']"
1,2,0.0,0.0,"['SFFF', 'FHFF', 'HFFF', 'HFHG']"
1,2,0.0,0.0,"['SFFF', 'FHFF', 'HFFF', 'HFHG']"
1,31,1.0,0.9445131481500655,"['SFFF', 'FHFF', 'HFFH', 'FHFG']"
1,31,1.0,0.8426049842298329,"['SFFF', 'FHFF', 'HFFH', 'FHFG']"
1,31,1.0,0.9165572373164391,"['SFFF', 'FHFF', 'HFFH', 'FHFG']"
1,14,1.0,0.7607805594527743,"['SFFF', 'FHFF', 'HFFH', 'HHFG']"
1,14,1.0,0.9165572373164391,"['SFFF', 'FHFF', 'HFFH', 'HHFG']"
1,14,0.0,0.0,"['SFFF', 'FHFF', 'HFFH', 'HHFG']"
1,24,0.0,0.0,"['SFFF', 'FHFF', 'HFFH', 'HHFG']"
1,24,1.0,0.9445131481500655,"['SFFF', 'FHFF', 'HFFH', 'HHFG']"
1,24,1.0,0.9276389118674717,"['SFFF', 'FHFF', 'HFFH', 'HHFG']"
1,2,0.0,0.0,"['SFFF', 'FHFF', 'HHFF', 'FFFG']"
1,2,0.0,0.0,"['SFFF', 'FHFF', 'HHFF', 'FFFG']"
1,2,0.0,0.0,"['SFFF', 'FHFF', 'HHFF', 'FFFG']"
1,4,0.0,0.0,"['SFFF', 'FHFF', 'HHFF', 'FFHG']"
1,4,0.0,0.0,"['SFFF', 'FHFF', 'HHFF', 'FFHG']"
1,4,1.0,0.798246224976786,"['SFFF', 'FHFF', 'HHFF', 'FFHG']"
1,7,0.0,0.0,"['SFFF', 'FHFF', 'HHFH', 'FFFG']"
1,7,0.0,0.0,"['SFFF', 'FHFF', 'HHFH', 'FFFG']"
1,7,0.0,0.0,"['SFFF', 'FHFF', 'HHFH', 'FFFG']"
1,13,0.0,0.0,"['SFFF', 'FHFF', 'HHFH', 'FFFG']"
1,13,0.0,0.0,"['SFFF', 'FHFF', 'HHFH', 'FFFG']"
1,13,1.0,0.9304302024748964,"['SFFF', 'FHFF', 'HHFH', 'FFFG']"
1,14,1.0,0.8250687380258053,"['SFFF', 'FHFF', 'HHFH', 'FFFG']"
1,14,1.0,0.8400771692771434,"['SFFF', 'FHFF', 'HHFH', 'FFFG']"
1,14,1.0,0.9248559951318693,"['SFFF', 'FHFF', 'HHFH', 'FFFG']"
1,31,1.0,0.9762504936564125,"['SFFF', 'FHFF', 'HHFH', 'FFFG']"
1,31,1.0,0.8657003616774767,"['SFFF', 'FHFF', 'HHFH', 'FFFG']"
1,31,1.0,0.9791880578299021,"['SFFF', 'FHFF', 'HHFH', 'FFFG']"
1,6,0.0,0.0,"['SFFF', 'FHFF', 'HHFH', 'FHFG']"
1,6,0.0,0.0,"['SFFF', 'FHFF', 'HHFH', 'FHFG']"
1,6,0.0,0.0,"['SFFF', 'FHFF', 'HHFH', 'FHFG']"
1,13,0.0,0.0,"['SFFF', 'FHFF', 'HHFH', 'FHFG']"
1,13,1.0,0.7816331707050701,"['SFFF', 'FHFF', 'HHFH', 'FHFG']"
1,13,0.0,0.0,"['SFFF', 'FHFF', 'HHFH', 'FHFG']"
1,14,1.0,0.79346393184295,"['SFFF', 'FHFF', 'HHFH', 'FHFG']"
1,14,1.0,0.8867604854519608,"['SFFF', 'FHFF', 'HHFH', 'FHFG']"
1,14,0.0,0.0,"['SFFF', 'FHFF', 'HHFH', 'FHFG']"
1,12,0.0,0.0,"['SFFF', 'FHFF', 'HHFH', 'HHFG']"
1,12,1.0,0.93603800616986,"['SFFF', 'FHFF', 'HHFH', 'HHFG']"
1,12,1.0,0.7653658663581259,"['SFFF', 'FHFF', 'HHFH', 'HHFG']"
1,22,0.0,0.0,"['SFFF', 'FHFF', 'HHFH', 'HHFG']"
1,22,1.0,0.9416796087056153,"['SFFF', 'FHFF', 'HHFH', 'HHFG']"
1,22,1.0,0.8974819010978248,"['SFFF', 'FHFF', 'HHFH', 'HHFG']"
1,2,0.0,0.0,"['SFFF', 'FHFF', 'HHHF', 'FHFG']"
1,2,0.0,0.0,"['SFFF', 'FHFF', 'HHHF', 'FHFG']"
1,2,0.0,0.0,"['SFFF', 'FHFF', 'HHHF', 'FHFG']"
1,5,0.0,0.0,"['SFFF', 'FHFF', 'HHHF', 'FHHG']"
1,5,0.0,0.0,"['SFFF', 'FHFF', 'HHHF', 'FHHG']"
1,5,0.0,0.0,"['SFFF', 'FHFF', 'HHHF', 'FHHG']"
1,2,0.0,0.0,"['SFFF', 'FHFF', 'HHHF', 'HFFG']"
1,2,0.0,0.0,"['SFFF', 'FHFF', 'HHHF', 'HFFG']"
1,2,0.0,0.0,"['SFFF', 'FHFF', 'HHHF', 'HFFG']"
1,2,0.0,0.0,"['SFFF', 'FHFF', 'HHHF', 'HFHG']"
1,2,0.0,0.0,"['SFFF', 'FHFF', 'HHHF', 'HFHG']"
1,2,0.0,0.0,"['SFFF', 'FHFF', 'HHHF', 'HFHG']"
1,6,0.0,0.0,"['SFFF', 'FHFH', 'FFFF', 'FFFG']"
1,6,0.0,0.0,"['SFFF', 'FHFH', 'FFFF', 'FFFG']"
1,6,0.0,0.0,"['SFFF', 'FHFH', 'FFFF', 'FFFG']"
1,17,1.0,0.8683052775100066,"['SFFF', 'FHFH', 'FFFF', 'FFFG']"
1,17,1.0,0.9332298921513504,"['SFFF', 'FHFH', 'FFFF', 'FFFG']"
1,17,0.0,0.0,"['SFFF', 'FHFH', 'FFFF', 'FFFG']"
1,7,0.0,0.0,"['SFFF', 'FHFH', 'FFFF', 'FFHG']"
1,7,0.0,0.0,"['SFFF', 'FHFH', 'FFFF', 'FFHG']"
1,7,0.0,0.0,"['SFFF', 'FHFH', 'FFFF', 'FFHG']"
1,13,1.0,0.8325391341551359,"['SFFF', 'FHFH', 'FFFF', 'FFHG']"
1,13,1.0,0.7539540549517295,"['SFFF', 'FHFH', 'FFFF', 'FFHG']"
1,13,1.0,0.9193151828650342,"['SFFF', 'FHFH', 'FFFF', 'FFHG']"
1,20,0.0,0.0,"['SFFF', 'FHFH', 'FFFF', 'FFHG']"
1,20,1.0,0.8078974551636565,"['SFFF', 'FHFH', 'FFFF', 'FFHG']"
1,20,0.0,0.0,"['SFFF', 'FHFH', 'FFFF', 'FFHG']"
1,21,1.0,0.8683052775100066,"['SFFF', 'FHFH', 'FFFF', 'FFHG']"
1,21,1.0,0.9559328248389055,"['SFFF', 'FHFH', 'FFFF', 'FFHG']"
1,21,1.0,0.9248559951318693,"['SFFF', 'FHFH', 'FFFF', 'FFHG']"
1,24,1.0,0.90289112180858,"['SFFF', 'FHFH', 'FFFF', 'FFHG']"
1,24,1.0,0.9332298921513504,"['SFFF', 'FHFH', 'FFFF', 'FFHG']"
1,24,1.0,0.9138075656044898,"['SFFF', 'FHFH', 'FFFF', 'FFHG']"
1,28,1.0,0.8974819010978248,"['SFFF', 'FHFH', 'FFFF', 'FFHG']"
1,28,1.0,0.9559328248389055,"['SFFF', 'FHFH', 'FFFF', 'FFHG']"
1,28,1.0,0.8275513922024125,"['SFFF', 'FHFH', 'FFFF', 'FFHG']"
1,30,1.0,0.93603800616986,"['SFFF', 'FHFH', 'FFFF', 'FFHG']"
1,30,1.0,0.8947894553945313,"['SFFF', 'FHFH', 'FFFF', 'FFHG']"
1,30,1.0,0.9588092525966956,"['SFFF', 'FHFH', 'FFFF', 'FFHG']"
1,32,1.0,0.9165572373164391,"['SFFF', 'FHFH', 'FFFF', 'FFHG']"
1,32,0.0,0.0,"['SFFF', 'FHFH', 'FFFF', 'FFHG']"
1,32,1.0,0.9762504936564125,"['SFFF', 'FHFH', 'FFFF', 'FFHG']"
1,38,1.0,0.9530650263643888,"['SFFF', 'FHFH', 'FFFF', 'FFHG']"
1,38,1.0,0.9791880578299021,"['SFFF', 'FHFH', 'FFFF', 'FFHG']"
1,38,1.0,0.9220814271464737,"['SFFF', 'FHFH', 'FFFF', 'FFHG']"
1,49,1.0,0.9791880578299021,"['SFFF', 'FHFH', 'FFFF', 'FFHG']"
1,49,1.0,0.9559328248389055,"['SFFF', 'FHFH', 'FFFF', 'FFHG']"
1,49,1.0,0.9588092525966956,"['SFFF', 'FHFH', 'FFFF', 'FFHG']"
1,8,0.0,0.0,"['SFFF', 'FHFH', 'FFFF', 'FHFG']"
1,8,0.0,0.0,"['SFFF', 'FHFH', 'FFFF', 'FHFG']"
1,8,0.0,0.0,"['SFFF', 'FHFH', 'FFFF', 'FHFG']"
1,22,0.0,0.0,"['SFFF', 'FHFH', 'FFFF', 'FHFG']"
1,22,1.0,0.9645880999032158,"['SFFF', 'FHFH', 'FFFF', 'FHFG']"
1,22,1.0,0.9416796087056153,"['SFFF', 'FHFH', 'FFFF', 'FHFG']"
1,10,0.0,0.0,"['SFFF', 'FHFH', 'FFFF', 'FHHG']"
1,10,0.0,0.0,"['SFFF', 'FHFH', 'FFFF', 'FHHG']"
1,10,0.0,0.0,"['SFFF', 'FHFH', 'FFFF', 'FHHG']"
1,12,1.0,0.7792882711929549,"['SFFF', 'FHFH', 'FFFF', 'FHHG']"
1,12,0.0,0.0,"['SFFF', 'FHFH', 'FFFF', 'FHHG']"
1,12,1.0,0.9616943356035061,"['SFFF', 'FHFH', 'FFFF', 'FHHG']"
1,18,1.0,0.8553586117313603,"['SFFF', 'FHFH', 'FFFF', 'FHHG']"
1,18,0.0,0.0,"['SFFF', 'FHFH', 'FFFF', 'FHHG']"
1,18,1.0,0.9138075656044898,"['SFFF', 'FHFH', 'FFFF', 'FHHG']"
1,21,1.0,0.9001824484431542,"['SFFF', 'FHFH', 'FFFF', 'FHHG']"
1,21,1.0,0.9559328248389055,"['SFFF', 'FHFH', 'FFFF', 'FHHG']"
1,21,0.0,0.0,"['SFFF', 'FHFH', 'FFFF', 'FHHG']"
1,27,1.0,0.8788035596734672,"['SFFF', 'FHFH', 'FFFF', 'FHHG']"
1,27,1.0,0.9110661429076764,"['SFFF', 'FHFH', 'FFFF', 'FHHG']"
1,27,1.0,0.8054737627981655,"['SFFF', 'FHFH', 'FFFF', 'FHHG']"
1,50,1.0,0.9645880999032158,"['SFFF', 'FHFH', 'FFFF', 'FHHG']"
1,50,1.0,0.9559328248389055,"['SFFF', 'FHFH', 'FFFF', 'FHHG']"
1,50,1.0,0.9416796087056153,"['SFFF', 'FHFH', 'FFFF', 'FHHG']"
1,4,0.0,0.0,"['SFFF', 'FHFH', 'FFFF', 'HFFG']"
1,4,0.0,0.0,"['SFFF', 'FHFH', 'FFFF', 'HFFG']"
1,4,0.0,0.0,"['SFFF', 'FHFH', 'FFFF', 'HFFG']"
1,5,0.0,0.0,"['SFFF', 'FHFH', 'FFFF', 'HFFG']"
1,5,0.0,0.0,"['SFFF', 'FHFH', 'FFFF', 'HFFG']"
1,5,0.0,0.0,"['SFFF', 'FHFH', 'FFFF', 'HFFG']"
1,11,0.0,0.0,"['SFFF', 'FHFH', 'FFFF', 'HFFG']"
1,11,0.0,0.0,"['SFFF', 'FHFH', 'FFFF', 'HFFG']"
1,11,0.0,0.0,"['SFFF', 'FHFH', 'FFFF', 'HFFG']"
1,18,1.0,0.8683052775100066,"['SFFF', 'FHFH', 'FFFF', 'HFFG']"
1,18,0.0,0.0,"['SFFF', 'FHFH', 'FFFF', 'HFFG']"
1,18,1.0,0.8947894553945313,"['SFFF', 'FHFH', 'FFFF', 'HFFG']"
1,18,0.0,0.0,"['SFFF', 'FHFH', 'FFFF', 'HFHG']"
1,18,1.0,0.8683052775100066,"['SFFF', 'FHFH', 'FFFF', 'HFHG']"
1,18,1.0,0.9388545698794984,"['SFFF', 'FHFH', 'FFFF', 'HFHG']"
1,26,1.0,0.7653658663581259,"['SFFF', 'FHFH', 'FFFF', 'HFHG']"
1,26,1.0,0.9193151828650342,"['SFFF', 'FHFH', 'FFFF', 'HFHG']"
1,26,1.0,0.8894287717672626,"['SFFF', 'FHFH', 'FFFF', 'HFHG']"
1,31,1.0,0.9056079456455165,"['SFFF', 'FHFH', 'FFFF', 'HFHG']"
1,31,1.0,0.9110661429076764,"['SFFF', 'FHFH', 'FFFF', 'HFHG']"
1,31,1.0,0.8735386475474635,"['SFFF', 'FHFH', 'FFFF', 'HFHG']"
1,41,1.0,0.9502058312852957,"['SFFF', 'FHFH', 'FFFF', 'HFHG']"
1,41,1.0,0.7863441585589971,"['SFFF', 'FHFH', 'FFFF', 'HFHG']"
1,41,1.0,0.9588092525966956,"['SFFF', 'FHFH', 'FFFF', 'HFHG']"
1,11,1.0,0.9165572373164391,"['SFFF', 'FHFH', 'FFFF', 'HHFG']"
1,11,0.0,0.0,"['SFFF', 'FHFH', 'FFFF', 'HHFG']"
1,11,0.0,0.0,"['SFFF', 'FHFH', 'FFFF', 'HHFG']"
1,7,1.0,0.9388545698794984,"['SFFF', 'FHFH', 'FFFF', 'HHHG']"
1,7,1.0,0.8176653739626438,"['SFFF', 'FHFH', 'FFFF', 'HHHG']"
1,7,0.0,0.0,"['SFFF', 'FHFH', 'FFFF', 'HHHG']"
1,11,1.0,0.7630697687590515,"['SFFF', 'FHFH', 'FFFF', 'HHHG']"
1,11,0.0,0.0,"['SFFF', 'FHFH', 'FFFF', 'HHHG']"
1,11,0.0,0.0,"['SFFF', 'FHFH', 'FFFF', 'HHHG']"
1,39,1.0,0.8894287717672626,"['SFFF', 'FHFH', 'FFFF', 'HHHG']"
1,39,1.0,0.9445131481500655,"['SFFF', 'FHFH', 'FFFF', 'HHHG']"
1,39,1.0,0.857932408958235,"['SFFF', 'FHFH', 'FFFF', 'HHHG']"
1,45,1.0,0.8250687380258053,"['SFFF', 'FHFH', 'FFFF', 'HHHG']"
1,45,1.0,0.857932408958235,"['SFFF', 'FHFH', 'FFFF', 'HHHG']"
1,45,1.0,0.9704017769489168,"['SFFF', 'FHFH', 'FFFF', 'HHHG']"
1,5,0.0,0.0,"['SFFF', 'FHFH', 'FFFH', 'FFFG']"
1,5,0.0,0.0,"['SFFF', 'FHFH', 'FFFH', 'FFFG']"
1,5,0.0,0.0,"['SFFF', 'FHFH', 'FFFH', 'FFFG']"
1,6,0.0,0.0,"['SFFF', 'FHFH', 'FFFH', 'FFFG']"
1,6,0.0,0.0,"['SFFF', 'FHFH', 'FFFH', 'FFFG']"
1,6,0.0,0.0,"['SFFF', 'FHFH', 'FFFH', 'FFFG']"
1,10,1.0,0.9445131481500655,"['SFFF', 'FHFH', 'FFFH', 'FFFG']"
1,10,0.0,0.0,"['SFFF', 'FHFH', 'FFFH', 'FFFG']"
1,10,0.0,0.0,"['SFFF', 'FHFH', 'FFFH', 'FFFG']"
1,33,1.0,0.8527925358961662,"['SFFF', 'FHFH', 'FFFH', 'FHFG']"
1,33,1.0,0.8709180316048211,"['SFFF', 'FHFH', 'FFFH', 'FHFG']"
1,33,1.0,0.9762504936564125,"['SFFF', 'FHFH', 'FFFH', 'FHFG']"
1,14,0.0,0.0,"['SFFF', 'FHFH', 'FFFH', 'HFFG']"
1,14,1.0,0.7722956964947572,"['SFFF', 'FHFH', 'FFFH', 'HFFG']"
1,14,0.0,0.0,"['SFFF', 'FHFH', 'FFFH', 'HFFG']"
1,28,1.0,0.9530650263643888,"['SFFF', 'FHFH', 'FFFH', 'HFFG']"
1,28,1.0,0.78398512608332,"['SFFF', 'FHFH', 'FFFH', 'HFFG']"
1,28,1.0,0.9056079456455165,"['SFFF', 'FHFH', 'FFFH', 'HFFG']"
1,12,0.0,0.0,"['SFFF', 'FHFH', 'FFFH', 'HHFG']"
1,12,1.0,0.90289112180858,"['SFFF', 'FHFH', 'FFFH', 'HHFG']"
1,12,0.0,0.0,"['SFFF', 'FHFH', 'FFFH', 'HHFG']"
1,18,1.0,0.9304302024748964,"['SFFF', 'FHFH', 'FFFH', 'HHFG']"
1,18,1.0,0.7607805594527743,"['SFFF', 'FHFH', 'FFFH', 'HHFG']"
1,18,1.0,0.7722956964947572,"['SFFF', 'FHFH', 'FFFH', 'HHFG']"
1,21,0.0,0.0,"['SFFF', 'FHFH', 'FFHF', 'FFFG']"
1,21,1.0,0.860513950810667,"['SFFF', 'FHFH', 'FFHF', 'FFFG']"
1,21,1.0,0.9388545698794984,"['SFFF', 'FHFH', 'FFHF', 'FFFG']"
1,23,0.0,0.0,"['SFFF', 'FHFH', 'FFHF', 'FFFG']"
1,23,1.0,0.7607805594527743,"['SFFF', 'FHFH', 'FFHF', 'FFFG']"
1,23,0.0,0.0,"['SFFF', 'FHFH', 'FFHF', 'FFFG']"
1,24,0.0,0.0,"['SFFF', 'FHFH', 'FFHF', 'FFFG']"
1,24,1.0,0.9733217421754432,"['SFFF', 'FHFH', 'FFHF', 'FFFG']"
1,24,1.0,0.9138075656044898,"['SFFF', 'FHFH', 'FFHF', 'FFFG']"
1,48,1.0,0.9733217421754432,"['SFFF', 'FHFH', 'FFHF', 'FFFG']"
1,48,1.0,0.9445131481500655,"['SFFF', 'FHFH', 'FFHF', 'FFFG']"
1,48,1.0,0.9110661429076764,"['SFFF', 'FHFH', 'FFHF', 'FFFG']"
1,46,1.0,0.9304302024748964,"['SFFF', 'FHFH', 'FFHF', 'HFFG']"
1,46,1.0,0.985089730404757,"['SFFF', 'FHFH', 'FFHF', 'HFFG']"
1,46,1.0,0.9762504936564125,"['SFFF', 'FHFH', 'FFHF', 'HFFG']"
1,57,1.0,0.9416796087056153,"['SFFF', 'FHFH', 'FFHF', 'HFFG']"
1,57,1.0,0.9559328248389055,"['SFFF', 'FHFH', 'FFHF', 'HFFG']"
1,57,1.0,0.9193151828650342,"['SFFF', 'FHFH', 'FFHF', 'HFFG']"
1,58,1.0,0.8400771692771434,"['SFFF', 'FHFH', 'FFHF', 'HFFG']"
1,58,1.0,0.9821344612135428,"['SFFF', 'FHFH', 'FFHF', 'HFFG']"
1,58,1.0,0.9762504936564125,"['SFFF', 'FHFH', 'FFHF', 'HFFG']"
1,62,1.0,0.985089730404757,"['SFFF', 'FHFH', 'FFHF', 'HFFG']"
1,62,1.0,0.9502058312852957,"['SFFF', 'FHFH', 'FFHF', 'HFFG']"
1,62,1.0,0.9220814271464737,"['SFFF', 'FHFH', 'FFHF', 'HFFG']"
1,88,1.0,0.9821344612135428,"['SFFF', 'FHFH', 'FFHF', 'HFFG']"
1,88,1.0,0.9559328248389055,"['SFFF', 'FHFH', 'FFHF', 'HFFG']"
1,88,1.0,0.9559328248389055,"['SFFF', 'FHFH', 'FFHF', 'HFFG']"
1,93,1.0,0.9616943356035061,"['SFFF', 'FHFH', 'FFHF', 'HFFG']"
1,93,1.0,0.9473552137914398,"['SFFF', 'FHFH', 'FFHF', 'HFFG']"
1,93,1.0,0.9704017769489168,"['SFFF', 'FHFH', 'FFHF', 'HFFG']"
1,94,1.0,0.985089730404757,"['SFFF', 'FHFH', 'FFHF', 'HFFG']"
1,94,1.0,0.9762504936564125,"['SFFF', 'FHFH', 'FFHF', 'HFFG']"
1,94,1.0,0.9791880578299021,"['SFFF', 'FHFH', 'FFHF', 'HFFG']"
1,18,0.0,0.0,"['SFFF', 'FHFH', 'FFHH', 'FFFG']"
1,18,1.0,0.7722956964947572,"['SFFF', 'FHFH', 'FFHH', 'FFFG']"
1,18,0.0,0.0,"['SFFF', 'FHFH', 'FFHH', 'FFFG']"
1,52,1.0,0.9001824484431542,"['SFFF', 'FHFH', 'FFHH', 'HFFG']"
1,52,1.0,0.9674905716180701,"['SFFF', 'FHFH', 'FFHH', 'HFFG']"
1,52,1.0,0.985089730404757,"['SFFF', 'FHFH', 'FFHH', 'HFFG']"
1,64,1.0,0.9821344612135428,"['SFFF', 'FHFH', 'FFHH', 'HFFG']"
1,64,1.0,0.9473552137914398,"['SFFF', 'FHFH', 'FFHH', 'HFFG']"
1,64,1.0,0.985089730404757,"['SFFF', 'FHFH', 'FFHH', 'HFFG']"
1,69,1.0,0.9559328248389055,"['SFFF', 'FHFH', 'FFHH', 'HFFG']"
1,69,1.0,0.9674905716180701,"['SFFF', 'FHFH', 'FFHH', 'HFFG']"
1,69,1.0,0.9530650263643888,"['SFFF', 'FHFH', 'FFHH', 'HFFG']"
1,72,1.0,0.9588092525966956,"['SFFF', 'FHFH', 'FFHH', 'HFFG']"
1,72,1.0,0.9248559951318693,"['SFFF', 'FHFH', 'FFHH', 'HFFG']"
1,72,1.0,0.9332298921513504,"['SFFF', 'FHFH', 'FFHH', 'HFFG']"
1,6,0.0,0.0,"['SFFF', 'FHFH', 'FHFF', 'FFFG']"
1,6,0.0,0.0,"['SFFF', 'FHFH', 'FHFF', 'FFFG']"
1,6,0.0,0.0,"['SFFF', 'FHFH', 'FHFF', 'FFFG']"
1,17,1.0,0.7722956964947572,"['SFFF', 'FHFH', 'FHFF', 'FFFG']"
1,17,0.0,0.0,"['SFFF', 'FHFH', 'FHFF', 'FFFG']"
1,17,1.0,0.93603800616986,"['SFFF', 'FHFH', 'FHFF', 'FFFG']"
1,17,0.0,0.0,"['SFFF', 'FHFH', 'FHFF', 'FFHG']"
1,17,0.0,0.0,"['SFFF', 'FHFH', 'FHFF', 'FFHG']"
1,17,0.0,0.0,"['SFFF', 'FHFH', 'FHFF', 'FFHG']"
1,26,1.0,0.884100203995605,"['SFFF', 'FHFH', 'FHFF', 'FFHG']"
1,26,1.0,0.8103284404851119,"['SFFF', 'FHFH', 'FHFF', 'FFHG']"
1,26,1.0,0.837556937769312,"['SFFF', 'FHFH', 'FHFF', 'FFHG']"
1,9,0.0,0.0,"['SFFF', 'FHFH', 'FHFF', 'FHFG']"
1,9,0.0,0.0,"['SFFF', 'FHFH', 'FHFF', 'FHFG']"
1,9,0.0,0.0,"['SFFF', 'FHFH', 'FHFF', 'FHFG']"
1,22,1.0,0.9332298921513504,"['SFFF', 'FHFH', 'FHFF', 'FHHG']"
1,22,1.0,0.8867604854519608,"['SFFF', 'FHFH', 'FHFF', 'FHHG']"
1,22,1.0,0.8683052775100066,"['SFFF', 'FHFH', 'FHFF', 'FHHG']"
1,9,0.0,0.0,"['SFFF', 'FHFH', 'FHFF', 'HFFG']"
1,9,1.0,0.8127667407072335,"['SFFF', 'FHFH', 'FHFF', 'HFFG']"
1,9,0.0,0.0,"['SFFF', 'FHFH', 'FHFF', 'HFFG']"
1,20,0.0,0.0,"['SFFF', 'FHFH', 'FHFF', 'HFFG']"
1,20,1.0,0.9248559951318693,"['SFFF', 'FHFH', 'FHFF', 'HFFG']"
1,20,1.0,0.8867604854519608,"['SFFF', 'FHFH', 'FHFF', 'HFFG']"
1,24,1.0,0.93603800616986,"['SFFF', 'FHFH', 'FHFF', 'HFHG']"
1,24,1.0,0.8201257512162927,"['SFFF', 'FHFH', 'FHFF', 'HFHG']"
1,24,1.0,0.837556937769312,"['SFFF', 'FHFH', 'FHFF', 'HFHG']"
1,25,0.0,0.0,"['SFFF', 'FHFH', 'FHFF', 'HFHG']"
1,25,1.0,0.8451404054461714,"['SFFF', 'FHFH', 'FHFF', 'HFHG']"
1,25,1.0,0.9588092525966956,"['SFFF', 'FHFH', 'FHFF', 'HFHG']"
1,21,0.0,0.0,"['SFFF', 'FHFH', 'FHFF', 'HHHG']"
1,21,1.0,0.9821344612135428,"['SFFF', 'FHFH', 'FHFF', 'HHHG']"
1,21,1.0,0.78398512608332,"['SFFF', 'FHFH', 'FHFF', 'HHHG']"
1,23,0.0,0.0,"['SFFF', 'FHFH', 'FHFF', 'HHHG']"
1,23,1.0,0.9704017769489168,"['SFFF', 'FHFH', 'FHFF', 'HHHG']"
1,23,1.0,0.9674905716180701,"['SFFF', 'FHFH', 'FHFF', 'HHHG']"
1,56,1.0,0.9445131481500655,"['SFFF', 'FHFH', 'FHFF', 'HHHG']"
1,56,1.0,0.9445131481500655,"['SFFF', 'FHFH', 'FHFF', 'HHHG']"
1,56,1.0,0.9220814271464737,"['SFFF', 'FHFH', 'FHFF', 'HHHG']"
1,15,1.0,0.8476834558136123,"['SFFF', 'FHFH', 'FHFH', 'FFFG']"
1,15,1.0,0.7449472384453084,"['SFFF', 'FHFH', 'FHFH', 'FFFG']"
1,15,1.0,0.9416796087056153,"['SFFF', 'FHFH', 'FHFH', 'FFFG']"
1,21,0.0,0.0,"['SFFF', 'FHFH', 'FHFH', 'FFFG']"
1,21,1.0,0.9388545698794984,"['SFFF', 'FHFH', 'FHFH', 'FFFG']"
1,21,1.0,0.8476834558136123,"['SFFF', 'FHFH', 'FHFH', 'FFFG']"
1,14,1.0,0.9445131481500655,"['SFFF', 'FHFH', 'FHFH', 'HFFG']"
1,14,0.0,0.0,"['SFFF', 'FHFH', 'FHFH', 'HFFG']"
1,14,0.0,0.0,"['SFFF', 'FHFH', 'FHFH', 'HFFG']"
1,15,0.0,0.0,"['SFFF', 'FHFH', 'FHFH', 'HFFG']"
1,15,1.0,0.8735386475474635,"['SFFF', 'FHFH', 'FHFH', 'HFFG']"
1,15,1.0,0.9733217421754432,"['SFFF', 'FHFH', 'FHFH', 'HFFG']"
1,19,0.0,0.0,"['SFFF', 'FHFH', 'FHFH', 'HFFG']"
1,19,1.0,0.8176653739626438,"['SFFF', 'FHFH', 'FHFH', 'HFFG']"
1,19,1.0,0.9165572373164391,"['SFFF', 'FHFH', 'FHFH', 'HFFG']"
1,25,0.0,0.0,"['SFFF', 'FHFH', 'FHFH', 'HFFG']"
1,25,1.0,0.7584982177744161,"['SFFF', 'FHFH', 'FHFH', 'HFFG']"
1,25,1.0,0.857932408958235,"['SFFF', 'FHFH', 'FHFH', 'HFFG']"
1,28,1.0,0.9276389118674717,"['SFFF', 'FHFH', 'FHFH', 'HFFG']"
1,28,1.0,0.985089730404757,"['SFFF', 'FHFH', 'FHFH', 'HFFG']"
1,28,1.0,0.9416796087056153,"['SFFF', 'FHFH', 'FHFH', 'HFFG']"
1,36,1.0,0.9056079456455165,"['SFFF', 'FHFH', 'FHFH', 'HFFG']"
1,36,1.0,0.9001824484431542,"['SFFF', 'FHFH', 'FHFH', 'HFFG']"
1,36,1.0,0.9588092525966956,"['SFFF', 'FHFH', 'FHFH', 'HFFG']"
1,17,1.0,0.798246224976786,"['SFFF', 'FHFH', 'FHFH', 'HHFG']"
1,17,1.0,0.7607805594527743,"['SFFF', 'FHFH', 'FHFH', 'HHFG']"
1,17,1.0,0.8006481694852418,"['SFFF', 'FHFH', 'FHFH', 'HHFG']"
1,21,1.0,0.8867604854519608,"['SFFF', 'FHFH', 'FHFH', 'HHFG']"
1,21,0.0,0.0,"['SFFF', 'FHFH', 'FHFH', 'HHFG']"
1,21,1.0,0.8735386475474635,"['SFFF', 'FHFH', 'FHFH', 'HHFG']"
1,35,1.0,0.9445131481500655,"['SFFF', 'FHFH', 'FHFH', 'HHFG']"
1,35,1.0,0.9445131481500655,"['SFFF', 'FHFH', 'FHFH', 'HHFG']"
1,35,1.0,0.9165572373164391,"['SFFF', 'FHFH', 'FHFH', 'HHFG']"
1,19,1.0,0.803057341509771,"['SFFF', 'FHFH', 'FHHF', 'FFFG']"
1,19,1.0,0.9416796087056153,"['SFFF', 'FHFH', 'FHHF', 'FFFG']"
1,19,1.0,0.7746195551602378,"['SFFF', 'FHFH', 'FHHF', 'FFFG']"
1,26,1.0,0.9001824484431542,"['SFFF', 'FHFH', 'FHHF', 'FFFG']"
1,26,1.0,0.8400771692771434,"['SFFF', 'FHFH', 'FHHF', 'FFFG']"
1,26,1.0,0.8527925358961662,"['SFFF', 'FHFH', 'FHHF', 'FFFG']"
1,27,1.0,0.9762504936564125,"['SFFF', 'FHFH', 'FHHF', 'FFFG']"
1,27,1.0,0.9276389118674717,"['SFFF', 'FHFH', 'FHHF', 'FFFG']"
1,27,1.0,0.9193151828650342,"['SFFF', 'FHFH', 'FHHF', 'FFFG']"
1,70,1.0,0.9220814271464737,"['SFFF', 'FHFH', 'FHHF', 'FFFG']"
1,70,1.0,0.9733217421754432,"['SFFF', 'FHFH', 'FHHF', 'FFFG']"
1,70,1.0,0.9248559951318693,"['SFFF', 'FHFH', 'FHHF', 'FFFG']"
1,21,1.0,0.9248559951318693,"['SFFF', 'FHFH', 'FHHH', 'FFFG']"
1,21,1.0,0.8867604854519608,"['SFFF', 'FHFH', 'FHHH', 'FFFG']"
1,21,1.0,0.9530650263643888,"['SFFF', 'FHFH', 'FHHH', 'FFFG']"
1,27,1.0,0.8657003616774767,"['SFFF', 'FHFH', 'FHHH', 'FFFG']"
1,27,1.0,0.9248559951318693,"['SFFF', 'FHFH', 'FHHH', 'FFFG']"
1,27,1.0,0.8867604854519608,"['SFFF', 'FHFH', 'FHHH', 'FFFG']"
1,29,1.0,0.8176653739626438,"['SFFF', 'FHFH', 'FHHH', 'FFFG']"
1,29,1.0,0.9530650263643888,"['SFFF', 'FHFH', 'FHHH', 'FFFG']"
1,29,1.0,0.9791880578299021,"['SFFF', 'FHFH', 'FHHH', 'FFFG']"
1,33,1.0,0.8683052775100066,"['SFFF', 'FHFH', 'FHHH', 'FFFG']"
1,33,1.0,0.8894287717672626,"['SFFF', 'FHFH', 'FHHH', 'FFFG']"
1,33,1.0,0.9110661429076764,"['SFFF', 'FHFH', 'FHHH', 'FFFG']"
1,37,1.0,0.9704017769489168,"['SFFF', 'FHFH', 'FHHH', 'FFFG']"
1,37,1.0,0.8788035596734672,"['SFFF', 'FHFH', 'FHHH', 'FFFG']"
1,37,1.0,0.7816331707050701,"['SFFF', 'FHFH', 'FHHH', 'FFFG']"
1,53,1.0,0.9616943356035061,"['SFFF', 'FHFH', 'FHHH', 'FFFG']"
1,53,1.0,0.9388545698794984,"['SFFF', 'FHFH', 'FHHH', 'FFFG']"
1,53,1.0,0.9083329444789534,"['SFFF', 'FHFH', 'FHHH', 'FFFG']"
1,6,0.0,0.0,"['SFFF', 'FHFH', 'HFFF', 'FFFG']"
1,6,0.0,0.0,"['SFFF', 'FHFH', 'HFFF', 'FFFG']"
1,6,0.0,0.0,"['SFFF', 'FHFH', 'HFFF', 'FFFG']"
1,10,0.0,0.0,"['SFFF', 'FHFH', 'HFFF', 'FFFG']"
1,10,0.0,0.0,"['SFFF', 'FHFH', 'HFFF', 'FFFG']"
1,10,0.0,0.0,"['SFFF', 'FHFH', 'HFFF', 'FFFG']"
1,11,0.0,0.0,"['SFFF', 'FHFH', 'HFFF', 'FFFG']"
1,11,0.0,0.0,"['SFFF', 'FHFH', 'HFFF', 'FFFG']"
1,11,0.0,0.0,"['SFFF', 'FHFH', 'HFFF', 'FFFG']"
1,12,1.0,0.837556937769312,"['SFFF', 'FHFH', 'HFFF', 'FFHG']"
1,12,0.0,0.0,"['SFFF', 'FHFH', 'HFFF', 'FFHG']"
1,12,1.0,0.79346393184295,"['SFFF', 'FHFH', 'HFFF', 'FFHG']"
1,25,0.0,0.0,"['SFFF', 'FHFH', 'HFFF', 'FFHG']"
1,25,1.0,0.8502341582884777,"['SFFF', 'FHFH', 'HFFF', 'FFHG']"
1,25,1.0,0.9276389118674717,"['SFFF', 'FHFH', 'HFFF', 'FFHG']"
1,30,1.0,0.9704017769489168,"['SFFF', 'FHFH', 'HFFF', 'FFHG']"
1,30,1.0,0.8527925358961662,"['SFFF', 'FHFH', 'HFFF', 'FFHG']"
1,30,1.0,0.9388545698794984,"['SFFF', 'FHFH', 'HFFF', 'FFHG']"
1,2,0.0,0.0,"['SFFF', 'FHFH', 'HFFF', 'FHFG']"
1,2,0.0,0.0,"['SFFF', 'FHFH', 'HFFF', 'FHFG']"
1,2,0.0,0.0,"['SFFF', 'FHFH', 'HFFF', 'FHFG']"
1,14,0.0,0.0,"['SFFF', 'FHFH', 'HFFF', 'HFFG']"
1,14,0.0,0.0,"['SFFF', 'FHFH', 'HFFF', 'HFFG']"
1,14,0.0,0.0,"['SFFF', 'FHFH', 'HFFF', 'HFFG']"
1,20,1.0,0.8947894553945313,"['SFFF', 'FHFH', 'HFFF', 'HFHG']"
1,20,1.0,0.8078974551636565,"['SFFF', 'FHFH', 'HFFF', 'HFHG']"
1,20,0.0,0.0,"['SFFF', 'FHFH', 'HFFF', 'HFHG']"
1,24,1.0,0.90289112180858,"['SFFF', 'FHFH', 'HFFF', 'HFHG']"
1,24,1.0,0.8631032605924442,"['SFFF', 'FHFH', 'HFFF', 'HFHG']"
1,24,1.0,0.9110661429076764,"['SFFF', 'FHFH', 'HFFF', 'HFHG']"
1,15,0.0,0.0,"['SFFF', 'FHFH', 'HFFF', 'HHHG']"
1,15,1.0,0.8152123778407558,"['SFFF', 'FHFH', 'HFFF', 'HHHG']"
1,15,1.0,0.9762504936564125,"['SFFF', 'FHFH', 'HFFF', 'HHHG']"
1,30,1.0,0.9762504936564125,"['SFFF', 'FHFH', 'HFFF', 'HHHG']"
1,30,1.0,0.9001824484431542,"['SFFF', 'FHFH', 'HFFF', 'HHHG']"
1,30,1.0,0.9193151828650342,"['SFFF', 'FHFH', 'HFFF', 'HHHG']"
1,36,1.0,0.93603800616986,"['SFFF', 'FHFH', 'HFFF', 'HHHG']"
1,36,1.0,0.9821344612135428,"['SFFF', 'FHFH', 'HFFF', 'HHHG']"
1,36,1.0,0.9733217421754432,"['SFFF', 'FHFH', 'HFFF', 'HHHG']"
1,11,1.0,0.7863441585589971,"['SFFF', 'FHFH', 'HFFH', 'FFFG']"
1,11,0.0,0.0,"['SFFF', 'FHFH', 'HFFH', 'FFFG']"
1,11,1.0,0.8527925358961662,"['SFFF', 'FHFH', 'HFFH', 'FFFG']"
1,13,0.0,0.0,"['SFFF', 'FHFH', 'HFFH', 'FFFG']"
1,13,1.0,0.7910835400474212,"['SFFF', 'FHFH', 'HFFH', 'FFFG']"
1,13,0.0,0.0,"['SFFF', 'FHFH', 'HFFH', 'FFFG']"
1,13,1.0,0.7863441585589971,"['SFFF', 'FHFH', 'HFFH', 'FHFG']"
1,13,0.0,0.0,"['SFFF', 'FHFH', 'HFFH', 'FHFG']"
1,13,1.0,0.9502058312852957,"['SFFF', 'FHFH', 'HFFH', 'FHFG']"
1,23,1.0,0.9110661429076764,"['SFFF', 'FHFH', 'HFFH', 'FHFG']"
1,23,1.0,0.7494371162085136,"['SFFF', 'FHFH', 'HFFH', 'FHFG']"
1,23,0.0,0.0,"['SFFF', 'FHFH', 'HFFH', 'FHFG']"
1,27,0.0,0.0,"['SFFF', 'FHFH', 'HFFH', 'FHFG']"
1,27,1.0,0.8631032605924442,"['SFFF', 'FHFH', 'HFFH', 'FHFG']"
1,27,1.0,0.8788035596734672,"['SFFF', 'FHFH', 'HFFH', 'FHFG']"
1,10,0.0,0.0,"['SFFF', 'FHFH', 'HFFH', 'HHFG']"
1,10,0.0,0.0,"['SFFF', 'FHFH', 'HFFH', 'HHFG']"
1,10,0.0,0.0,"['SFFF', 'FHFH', 'HFFH', 'HHFG']"
1,28,1.0,0.9248559951318693,"['SFFF', 'FHFH', 'HFFH', 'HHFG']"
1,28,1.0,0.9220814271464737,"['SFFF', 'FHFH', 'HFFH', 'HHFG']"
1,28,1.0,0.9388545698794984,"['SFFF', 'FHFH', 'HFFH', 'HHFG']"
1,7,1.0,0.7792882711929549,"['SFFF', 'FHFH', 'HHFF', 'FFFG']"
1,7,1.0,0.7630697687590515,"['SFFF', 'FHFH', 'HHFF', 'FFFG']"
1,7,0.0,0.0,"['SFFF', 'FHFH', 'HHFF', 'FFFG']"
1,15,1.0,0.90289112180858,"['SFFF', 'FHFH', 'HHFF', 'FFFG']"
1,15,0.0,0.0,"['SFFF', 'FHFH', 'HHFF', 'FFFG']"
1,15,1.0,0.8527925358961662,"['SFFF', 'FHFH', 'HHFF', 'FFFG']"
1,24,1.0,0.9110661429076764,"['SFFF', 'FHFH', 'HHFF', 'FFHG']"
1,24,0.0,0.0,"['SFFF', 'FHFH', 'HHFF', 'FFHG']"
1,24,1.0,0.9276389118674717,"['SFFF', 'FHFH', 'HHFF', 'FFHG']"
1,3,0.0,0.0,"['SFFF', 'FHFH', 'HHFF', 'FHFG']"
1,3,0.0,0.0,"['SFFF', 'FHFH', 'HHFF', 'FHFG']"
1,3,0.0,0.0,"['SFFF', 'FHFH', 'HHFF', 'FHFG']"
1,11,0.0,0.0,"['SFFF', 'FHFH', 'HHFF', 'FHHG']"
1,11,0.0,0.0,"['SFFF', 'FHFH', 'HHFF', 'FHHG']"
1,11,1.0,0.7449472384453084,"['SFFF', 'FHFH', 'HHFF', 'FHHG']"
1,16,1.0,0.8553586117313603,"['SFFF', 'FHFH', 'HHFF', 'FHHG']"
1,16,1.0,0.7910835400474212,"['SFFF', 'FHFH', 'HHFF', 'FHHG']"
1,16,0.0,0.0,"['SFFF', 'FHFH', 'HHFF', 'FHHG']"
1,22,1.0,0.9248559951318693,"['SFFF', 'FHFH', 'HHFF', 'FHHG']"
1,22,0.0,0.0,"['SFFF', 'FHFH', 'HHFF', 'FHHG']"
1,22,0.0,0.0,"['SFFF', 'FHFH', 'HHFF', 'FHHG']"
1,10,1.0,0.8127667407072335,"['SFFF', 'FHFH', 'HHFF', 'HFFG']"
1,10,0.0,0.0,"['SFFF', 'FHFH', 'HHFF', 'HFFG']"
1,10,0.0,0.0,"['SFFF', 'FHFH', 'HHFF', 'HFFG']"
1,29,1.0,0.8683052775100066,"['SFFF', 'FHFH', 'HHFF', 'HFHG']"
1,29,1.0,0.8761671489944468,"['SFFF', 'FHFH', 'HHFF', 'HFHG']"
1,29,0.0,0.0,"['SFFF', 'FHFH', 'HHFF', 'HFHG']"
1,47,1.0,0.9165572373164391,"['SFFF', 'FHFH', 'HHFF', 'HFHG']"
1,47,1.0,0.9530650263643888,"['SFFF', 'FHFH', 'HHFF', 'HFHG']"
1,47,1.0,0.9473552137914398,"['SFFF', 'FHFH', 'HHFF', 'HFHG']"
1,12,1.0,0.8325391341551359,"['SFFF', 'FHFH', 'HHFF', 'HHFG']"
1,12,1.0,0.8814479033836181,"['SFFF', 'FHFH', 'HHFF', 'HHFG']"
1,12,0.0,0.0,"['SFFF', 'FHFH', 'HHFF', 'HHFG']"
1,18,1.0,0.9110661429076764,"['SFFF', 'FHFH', 'HHFF', 'HHHG']"
1,18,1.0,0.9733217421754432,"['SFFF', 'FHFH', 'HHFF', 'HHHG']"
1,18,1.0,0.9248559951318693,"['SFFF', 'FHFH', 'HHFF', 'HHHG']"
1,27,1.0,0.7746195551602378,"['SFFF', 'FHFH', 'HHFF', 'HHHG']"
1,27,1.0,0.9530650263643888,"['SFFF', 'FHFH', 'HHFF', 'HHHG']"
1,27,0.0,0.0,"['SFFF', 'FHFH', 'HHFF', 'HHHG']"
1,30,1.0,0.9445131481500655,"['SFFF', 'FHFH', 'HHFF', 'HHHG']"
1,30,1.0,0.8921050870283477,"['SFFF', 'FHFH', 'HHFF', 'HHHG']"
1,30,1.0,0.9220814271464737,"['SFFF', 'FHFH', 'HHFF', 'HHHG']"
1,39,1.0,0.9762504936564125,"['SFFF', 'FHFH', 'HHFF', 'HHHG']"
1,39,1.0,0.9733217421754432,"['SFFF', 'FHFH', 'HHFF', 'HHHG']"
1,39,1.0,0.9530650263643888,"['SFFF', 'FHFH', 'HHFF', 'HHHG']"
1,42,1.0,0.9276389118674717,"['SFFF', 'FHFH', 'HHFF', 'HHHG']"
1,42,1.0,0.9530650263643888,"['SFFF', 'FHFH', 'HHFF', 'HHHG']"
1,42,1.0,0.9674905716180701,"['SFFF', 'FHFH', 'HHFF', 'HHHG']"
1,12,0.0,0.0,"['SFFF', 'FHFH', 'HHFH', 'FFFG']"
1,12,1.0,0.8400771692771434,"['SFFF', 'FHFH', 'HHFH', 'FFFG']"
1,12,1.0,0.7958514863018556,"['SFFF', 'FHFH', 'HHFH', 'FFFG']"
1,21,1.0,0.9530650263643888,"['SFFF', 'FHFH', 'HHFH', 'FFFG']"
1,21,1.0,0.9645880999032158,"['SFFF', 'FHFH', 'HHFH', 'FFFG']"
1,21,1.0,0.7816331707050701,"['SFFF', 'FHFH', 'HHFH', 'FFFG']"
1,27,1.0,0.8761671489944468,"['SFFF', 'FHFH', 'HHFH', 'FFFG']"
1,27,1.0,0.8553586117313603,"['SFFF', 'FHFH', 'HHFH', 'FFFG']"
1,27,1.0,0.9645880999032158,"['SFFF', 'FHFH', 'HHFH', 'FFFG']"
1,35,1.0,0.857932408958235,"['SFFF', 'FHFH', 'HHFH', 'FFFG']"
1,35,1.0,0.9762504936564125,"['SFFF', 'FHFH', 'HHFH', 'FFFG']"
1,35,1.0,0.8683052775100066,"['SFFF', 'FHFH', 'HHFH', 'FFFG']"
1,20,0.0,0.0,"['SFFF', 'FHFH', 'HHFH', 'FHFG']"
1,20,1.0,0.8921050870283477,"['SFFF', 'FHFH', 'HHFH', 'FHFG']"
1,20,0.0,0.0,"['SFFF', 'FHFH', 'HHFH', 'FHFG']"
1,24,1.0,0.9388545698794984,"['SFFF', 'FHFH', 'HHFH', 'FHFG']"
1,24,1.0,0.9762504936564125,"['SFFF', 'FHFH', 'HHFH', 'FHFG']"
1,24,1.0,0.7607805594527743,"['SFFF', 'FHFH', 'HHFH', 'FHFG']"
1,30,1.0,0.776950406379376,"['SFFF', 'FHFH', 'HHFH', 'FHFG']"
1,30,1.0,0.8921050870283477,"['SFFF', 'FHFH', 'HHFH', 'FHFG']"
1,30,1.0,0.8761671489944468,"['SFFF', 'FHFH', 'HHFH', 'FHFG']"
1,45,1.0,0.9530650263643888,"['SFFF', 'FHFH', 'HHFH', 'FHFG']"
1,45,1.0,0.9332298921513504,"['SFFF', 'FHFH', 'HHFH', 'FHFG']"
1,45,1.0,0.9332298921513504,"['SFFF', 'FHFH', 'HHFH', 'FHFG']"
1,75,1.0,0.9502058312852957,"['SFFF', 'FHFH', 'HHFH', 'FHFG']"
1,75,1.0,0.9416796087056153,"['SFFF', 'FHFH', 'HHFH', 'FHFG']"
1,75,1.0,0.9588092525966956,"['SFFF', 'FHFH', 'HHFH', 'FHFG']"
1,8,0.0,0.0,"['SFFF', 'FHFH', 'HHFH', 'HFFG']"
1,8,1.0,0.7494371162085136,"['SFFF', 'FHFH', 'HHFH', 'HFFG']"
1,8,0.0,0.0,"['SFFF', 'FHFH', 'HHFH', 'HFFG']"
1,10,0.0,0.0,"['SFFF', 'FHFH', 'HHFH', 'HFFG']"
1,10,0.0,0.0,"['SFFF', 'FHFH', 'HHFH', 'HFFG']"
1,10,0.0,0.0,"['SFFF', 'FHFH', 'HHFH', 'HFFG']"
1,15,1.0,0.7562227231210928,"['SFFF', 'FHFH', 'HHFH', 'HFFG']"
1,15,0.0,0.0,"['SFFF', 'FHFH', 'HHFH', 'HFFG']"
1,15,1.0,0.7887102894272789,"['SFFF', 'FHFH', 'HHFH', 'HFFG']"
1,50,1.0,0.9733217421754432,"['SFFF', 'FHFH', 'HHFH', 'HFFG']"
1,50,1.0,0.9733217421754432,"['SFFF', 'FHFH', 'HHFH', 'HFFG']"
1,50,1.0,0.9165572373164391,"['SFFF', 'FHFH', 'HHFH', 'HFFG']"
1,11,0.0,0.0,"['SFFF', 'FHFH', 'HHFH', 'HHFG']"
1,11,0.0,0.0,"['SFFF', 'FHFH', 'HHFH', 'HHFG']"
1,11,0.0,0.0,"['SFFF', 'FHFH', 'HHFH', 'HHFG']"
1,17,0.0,0.0,"['SFFF', 'FHFH', 'HHFH', 'HHFG']"
1,17,1.0,0.7792882711929549,"['SFFF', 'FHFH', 'HHFH', 'HHFG']"
1,17,0.0,0.0,"['SFFF', 'FHFH', 'HHFH', 'HHFG']"
1,24,1.0,0.9616943356035061,"['SFFF', 'FHFH', 'HHFH', 'HHFG']"
1,24,1.0,0.9110661429076764,"['SFFF', 'FHFH', 'HHFH', 'HHFG']"
1,24,1.0,0.9056079456455165,"['SFFF', 'FHFH', 'HHFH', 'HHFG']"
1,25,0.0,0.0,"['SFFF', 'FHFH', 'HHFH', 'HHFG']"
1,25,1.0,0.9445131481500655,"['SFFF', 'FHFH', 'HHFH', 'HHFG']"
1,25,1.0,0.9304302024748964,"['SFFF', 'FHFH', 'HHFH', 'HHFG']"
1,28,1.0,0.8867604854519608,"['SFFF', 'FHFH', 'HHFH', 'HHFG']"
1,28,1.0,0.8631032605924442,"['SFFF', 'FHFH', 'HHFH', 'HHFG']"
1,28,1.0,0.9645880999032158,"['SFFF', 'FHFH', 'HHFH', 'HHFG']"
1,32,1.0,0.9332298921513504,"['SFFF', 'FHFH', 'HHFH', 'HHFG']"
1,32,1.0,0.9445131481500655,"['SFFF', 'FHFH', 'HHFH', 'HHFG']"
1,32,1.0,0.8894287717672626,"['SFFF', 'FHFH', 'HHFH', 'HHFG']"
1,43,1.0,0.9559328248389055,"['SFFF', 'FHFH', 'HHFH', 'HHFG']"
1,43,1.0,0.9704017769489168,"['SFFF', 'FHFH', 'HHFH', 'HHFG']"
1,43,1.0,0.9388545698794984,"['SFFF', 'FHFH', 'HHFH', 'HHFG']"
1,48,1.0,0.9473552137914398,"['SFFF', 'FHFH', 'HHFH', 'HHFG']"
1,48,1.0,0.9332298921513504,"['SFFF', 'FHFH', 'HHFH', 'HHFG']"
1,48,1.0,0.9388545698794984,"['SFFF', 'FHFH', 'HHFH', 'HHFG']"
1,3,0.0,0.0,"['SFFF', 'FHHF', 'FFFF', 'FFFG']"
1,3,0.0,0.0,"['SFFF', 'FHHF', 'FFFF', 'FFFG']"
1,3,0.0,0.0,"['SFFF', 'FHHF', 'FFFF', 'FFFG']"
1,5,0.0,0.0,"['SFFF', 'FHHF', 'FFFF', 'FFFG']"
1,5,0.0,0.0,"['SFFF', 'FHHF', 'FFFF', 'FFFG']"
1,5,0.0,0.0,"['SFFF', 'FHHF', 'FFFF', 'FFFG']"
1,9,0.0,0.0,"['SFFF', 'FHHF', 'FFFF', 'FFFG']"
1,9,0.0,0.0,"['SFFF', 'FHHF', 'FFFF', 'FFFG']"
1,9,1.0,0.8176653739626438,"['SFFF', 'FHHF', 'FFFF', 'FFFG']"
1,13,0.0,0.0,"['SFFF', 'FHHF', 'FFFF', 'FHFG']"
1,13,0.0,0.0,"['SFFF', 'FHHF', 'FFFF', 'FHFG']"
1,13,1.0,0.8974819010978248,"['SFFF', 'FHHF', 'FFFF', 'FHFG']"
1,8,0.0,0.0,"['SFFF', 'FHHF', 'FFFF', 'FHHG']"
1,8,0.0,0.0,"['SFFF', 'FHHF', 'FFFF', 'FHHG']"
1,8,0.0,0.0,"['SFFF', 'FHHF', 'FFFF', 'FHHG']"
1,6,0.0,0.0,"['SFFF', 'FHHF', 'FFFF', 'HFHG']"
1,6,0.0,0.0,"['SFFF', 'FHHF', 'FFFF', 'HFHG']"
1,6,0.0,0.0,"['SFFF', 'FHHF', 'FFFF', 'HFHG']"
1,7,0.0,0.0,"['SFFF', 'FHHF', 'FFFF', 'HFHG']"
1,7,1.0,0.860513950810667,"['SFFF', 'FHHF', 'FFFF', 'HFHG']"
1,7,0.0,0.0,"['SFFF', 'FHHF', 'FFFF', 'HFHG']"
1,9,0.0,0.0,"['SFFF', 'FHHF', 'FFFF', 'HFHG']"
1,9,0.0,0.0,"['SFFF', 'FHHF', 'FFFF', 'HFHG']"
1,9,0.0,0.0,"['SFFF', 'FHHF', 'FFFF', 'HFHG']"
1,2,0.0,0.0,"['SFFF', 'FHHF', 'FFFF', 'HHFG']"
1,2,0.0,0.0,"['SFFF', 'FHHF', 'FFFF', 'HHFG']"
1,2,0.0,0.0,"['SFFF', 'FHHF', 'FFFF', 'HHFG']"
1,8,0.0,0.0,"['SFFF', 'FHHF', 'FFFF', 'HHFG']"
1,8,0.0,0.0,"['SFFF', 'FHHF', 'FFFF', 'HHFG']"
1,8,1.0,0.7887102894272789,"['SFFF', 'FHHF', 'FFFF', 'HHFG']"
1,6,0.0,0.0,"['SFFF', 'FHHF', 'FFFF', 'HHHG']"
1,6,0.0,0.0,"['SFFF', 'FHHF', 'FFFF', 'HHHG']"
1,6,0.0,0.0,"['SFFF', 'FHHF', 'FFFF', 'HHHG']"
1,7,0.0,0.0,"['SFFF', 'FHHF', 'FFFH', 'FFFG']"
1,7,1.0,0.8127667407072335,"['SFFF', 'FHHF', 'FFFH', 'FFFG']"
1,7,0.0,0.0,"['SFFF', 'FHHF', 'FFFH', 'FFFG']"
1,8,0.0,0.0,"['SFFF', 'FHHF', 'FFFH', 'FFFG']"
1,8,0.0,0.0,"['SFFF', 'FHHF', 'FFFH', 'FFFG']"
1,8,0.0,0.0,"['SFFF', 'FHHF', 'FFFH', 'FFFG']"
1,51,1.0,0.9588092525966956,"['SFFF', 'FHHF', 'FFFH', 'FHFG']"
1,51,1.0,0.9674905716180701,"['SFFF', 'FHHF', 'FFFH', 'FHFG']"
1,51,1.0,0.9276389118674717,"['SFFF', 'FHHF', 'FFFH', 'FHFG']"
1,67,1.0,0.9502058312852957,"['SFFF', 'FHHF', 'FFFH', 'FHFG']"
1,67,1.0,0.9645880999032158,"['SFFF', 'FHHF', 'FFFH', 'FHFG']"
1,67,1.0,0.9791880578299021,"['SFFF', 'FHHF', 'FFFH', 'FHFG']"
1,71,1.0,0.9821344612135428,"['SFFF', 'FHHF', 'FFFH', 'FHFG']"
1,71,1.0,0.9674905716180701,"['SFFF', 'FHHF', 'FFFH', 'FHFG']"
1,71,1.0,0.8947894553945313,"['SFFF', 'FHHF', 'FFFH', 'FHFG']"
1,76,1.0,0.9791880578299021,"['SFFF', 'FHHF', 'FFFH', 'FHFG']"
1,76,1.0,0.9704017769489168,"['SFFF', 'FHHF', 'FFFH', 'FHFG']"
1,76,1.0,0.9791880578299021,"['SFFF', 'FHHF', 'FFFH', 'FHFG']"
1,91,1.0,0.93603800616986,"['SFFF', 'FHHF', 'FFFH', 'FHFG']"
1,91,1.0,0.9616943356035061,"['SFFF', 'FHHF', 'FFFH', 'FHFG']"
1,91,1.0,0.985089730404757,"['SFFF', 'FHHF', 'FFFH', 'FHFG']"
1,95,1.0,0.9332298921513504,"['SFFF', 'FHHF', 'FFFH', 'FHFG']"
1,95,1.0,0.985089730404757,"['SFFF', 'FHHF', 'FFFH', 'FHFG']"
1,95,1.0,0.9762504936564125,"['SFFF', 'FHHF', 'FFFH', 'FHFG']"
1,96,1.0,0.9821344612135428,"['SFFF', 'FHHF', 'FFFH', 'FHFG']"
1,96,1.0,0.9704017769489168,"['SFFF', 'FHHF', 'FFFH', 'FHFG']"
1,96,1.0,0.9588092525966956,"['SFFF', 'FHHF', 'FFFH', 'FHFG']"
1,97,1.0,0.9388545698794984,"['SFFF', 'FHHF', 'FFFH', 'FHFG']"
1,97,1.0,0.9791880578299021,"['SFFF', 'FHHF', 'FFFH', 'FHFG']"
1,97,1.0,0.985089730404757,"['SFFF', 'FHHF', 'FFFH', 'FHFG']"
1,11,0.0,0.0,"['SFFF', 'FHHF', 'FFFH', 'HFFG']"
1,11,0.0,0.0,"['SFFF', 'FHHF', 'FFFH', 'HFFG']"
1,11,0.0,0.0,"['SFFF', 'FHHF', 'FFFH', 'HFFG']"
1,30,1.0,0.9332298921513504,"['SFFF', 'FHHF', 'FFFH', 'HFFG']"
1,30,0.0,0.0,"['SFFF', 'FHHF', 'FFFH', 'HFFG']"
1,30,1.0,0.9616943356035061,"['SFFF', 'FHHF', 'FFFH', 'HFFG']"
1,33,1.0,0.9304302024748964,"['SFFF', 'FHHF', 'FFFH', 'HFFG']"
1,33,1.0,0.8400771692771434,"['SFFF', 'FHHF', 'FFFH', 'HFFG']"
1,33,1.0,0.79346393184295,"['SFFF', 'FHHF', 'FFFH', 'HFFG']"
1,49,1.0,0.9616943356035061,"['SFFF', 'FHHF', 'FFFH', 'HHFG']"
1,49,1.0,0.9791880578299021,"['SFFF', 'FHHF', 'FFFH', 'HHFG']"
1,49,1.0,0.9645880999032158,"['SFFF', 'FHHF', 'FFFH', 'HHFG']"
1,65,1.0,0.9645880999032158,"['SFFF', 'FHHF', 'FFFH', 'HHFG']"
1,65,1.0,0.985089730404757,"['SFFF', 'FHHF', 'FFFH', 'HHFG']"
1,65,1.0,0.9791880578299021,"['SFFF', 'FHHF', 'FFFH', 'HHFG']"
1,74,1.0,0.9821344612135428,"['SFFF', 'FHHF', 'FFFH', 'HHFG']"
1,74,1.0,0.9616943356035061,"['SFFF', 'FHHF', 'FFFH', 'HHFG']"
1,74,1.0,0.9388545698794984,"['SFFF', 'FHHF', 'FFFH', 'HHFG']"
1,86,1.0,0.985089730404757,"['SFFF', 'FHHF', 'FFFH', 'HHFG']"
1,86,1.0,0.9083329444789534,"['SFFF', 'FHHF', 'FFFH', 'HHFG']"
1,86,1.0,0.9559328248389055,"['SFFF', 'FHHF', 'FFFH', 'HHFG']"
1,91,1.0,0.9248559951318693,"['SFFF', 'FHHF', 'FFFH', 'HHFG']"
1,91,1.0,0.9791880578299021,"['SFFF', 'FHHF', 'FFFH', 'HHFG']"
1,91,1.0,0.9530650263643888,"['SFFF', 'FHHF', 'FFFH', 'HHFG']"
1,93,1.0,0.9674905716180701,"['SFFF', 'FHHF', 'FFFH', 'HHFG']"
1,93,1.0,0.93603800616986,"['SFFF', 'FHHF', 'FFFH', 'HHFG']"
1,93,1.0,0.9704017769489168,"['SFFF', 'FHHF', 'FFFH', 'HHFG']"
1,94,1.0,0.9645880999032158,"['SFFF', 'FHHF', 'FFFH', 'HHFG']"
1,94,1.0,0.9530650263643888,"['SFFF', 'FHHF', 'FFFH', 'HHFG']"
1,94,1.0,0.9791880578299021,"['SFFF', 'FHHF', 'FFFH', 'HHFG']"
1,95,1.0,0.9791880578299021,"['SFFF', 'FHHF', 'FFFH', 'HHFG']"
1,95,1.0,0.985089730404757,"['SFFF', 'FHHF', 'FFFH', 'HHFG']"
1,95,1.0,0.9674905716180701,"['SFFF', 'FHHF', 'FFFH', 'HHFG']"
1,4,1.0,0.7746195551602378,"['SFFF', 'FHHF', 'FFHF', 'FFFG']"
1,4,0.0,0.0,"['SFFF', 'FHHF', 'FFHF', 'FFFG']"
1,4,0.0,0.0,"['SFFF', 'FHHF', 'FFHF', 'FFFG']"
1,9,0.0,0.0,"['SFFF', 'FHHF', 'FFHF', 'FFFG']"
1,9,0.0,0.0,"['SFFF', 'FHHF', 'FFHF', 'FFFG']"
1,9,1.0,0.8426049842298329,"['SFFF', 'FHHF', 'FFHF', 'FFFG']"
1,18,0.0,0.0,"['SFFF', 'FHHF', 'FFHF', 'FFFG']"
1,18,0.0,0.0,"['SFFF', 'FHHF', 'FFHF', 'FFFG']"
1,18,1.0,0.8894287717672626,"['SFFF', 'FHHF', 'FFHF', 'FFFG']"
1,2,0.0,0.0,"['SFFF', 'FHHF', 'FFHF', 'FHHG']"
1,2,0.0,0.0,"['SFFF', 'FHHF', 'FFHF', 'FHHG']"
1,2,0.0,0.0,"['SFFF', 'FHHF', 'FFHF', 'FHHG']"
1,9,0.0,0.0,"['SFFF', 'FHHF', 'FFHF', 'HFFG']"
1,9,0.0,0.0,"['SFFF', 'FHHF', 'FFHF', 'HFFG']"
1,9,0.0,0.0,"['SFFF', 'FHHF', 'FFHF', 'HFFG']"
1,7,0.0,0.0,"['SFFF', 'FHHF', 'FFHF', 'HFHG']"
1,7,0.0,0.0,"['SFFF', 'FHHF', 'FFHF', 'HFHG']"
1,7,1.0,0.7958514863018556,"['SFFF', 'FHHF', 'FFHF', 'HFHG']"
1,16,1.0,0.8709180316048211,"['SFFF', 'FHHF', 'FFHF', 'HHFG']"
1,16,1.0,0.8894287717672626,"['SFFF', 'FHHF', 'FFHF', 'HHFG']"
1,16,1.0,0.8325391341551359,"['SFFF', 'FHHF', 'FFHF', 'HHFG']"
1,16,1.0,0.8947894553945313,"['SFFF', 'FHHF', 'FFHH', 'FFFG']"
1,16,1.0,0.7653658663581259,"['SFFF', 'FHHF', 'FFHH', 'FFFG']"
1,16,0.0,0.0,"['SFFF', 'FHHF', 'FFHH', 'FFFG']"
1,40,1.0,0.9502058312852957,"['SFFF', 'FHHF', 'FFHH', 'HFFG']"
1,40,1.0,0.9220814271464737,"['SFFF', 'FHHF', 'FFHH', 'HFFG']"
1,40,1.0,0.9304302024748964,"['SFFF', 'FHHF', 'FFHH', 'HFFG']"
1,52,1.0,0.90289112180858,"['SFFF', 'FHHF', 'FFHH', 'HFFG']"
1,52,1.0,0.9530650263643888,"['SFFF', 'FHHF', 'FFHH', 'HFFG']"
1,52,1.0,0.9530650263643888,"['SFFF', 'FHHF', 'FFHH', 'HFFG']"
1,67,1.0,0.9762504936564125,"['SFFF', 'FHHF', 'FFHH', 'HFFG']"
1,67,1.0,0.9248559951318693,"['SFFF', 'FHHF', 'FFHH', 'HFFG']"
1,67,1.0,0.9791880578299021,"['SFFF', 'FHHF', 'FFHH', 'HFFG']"
1,70,1.0,0.9616943356035061,"['SFFF', 'FHHF', 'FFHH', 'HFFG']"
1,70,1.0,0.9704017769489168,"['SFFF', 'FHHF', 'FFHH', 'HFFG']"
1,70,1.0,0.9791880578299021,"['SFFF', 'FHHF', 'FFHH', 'HFFG']"
1,71,1.0,0.9704017769489168,"['SFFF', 'FHHF', 'FFHH', 'HFFG']"
1,71,1.0,0.9416796087056153,"['SFFF', 'FHHF', 'FFHH', 'HFFG']"
1,71,1.0,0.9588092525966956,"['SFFF', 'FHHF', 'FFHH', 'HFFG']"
1,82,1.0,0.9791880578299021,"['SFFF', 'FHHF', 'FFHH', 'HFFG']"
1,82,1.0,0.9704017769489168,"['SFFF', 'FHHF', 'FFHH', 'HFFG']"
1,82,1.0,0.9473552137914398,"['SFFF', 'FHHF', 'FFHH', 'HFFG']"
1,86,1.0,0.9559328248389055,"['SFFF', 'FHHF', 'FFHH', 'HFFG']"
1,86,1.0,0.9733217421754432,"['SFFF', 'FHHF', 'FFHH', 'HFFG']"
1,86,1.0,0.9762504936564125,"['SFFF', 'FHHF', 'FFHH', 'HFFG']"
1,6,0.0,0.0,"['SFFF', 'FHHF', 'FHFF', 'FFFG']"
1,6,0.0,0.0,"['SFFF', 'FHHF', 'FHFF', 'FFFG']"
1,6,0.0,0.0,"['SFFF', 'FHHF', 'FHFF', 'FFFG']"
1,9,0.0,0.0,"['SFFF', 'FHHF', 'FHFF', 'FHHG']"
1,9,1.0,0.9083329444789534,"['SFFF', 'FHHF', 'FHFF', 'FHHG']"
1,9,0.0,0.0,"['SFFF', 'FHHF', 'FHFF', 'FHHG']"
1,7,0.0,0.0,"['SFFF', 'FHHF', 'FHFF', 'HFFG']"
1,7,0.0,0.0,"['SFFF', 'FHHF', 'FHFF', 'HFFG']"
1,7,0.0,0.0,"['SFFF', 'FHHF', 'FHFF', 'HFFG']"
1,5,0.0,0.0,"['SFFF', 'FHHF', 'FHFF', 'HFHG']"
1,5,0.0,0.0,"['SFFF', 'FHHF', 'FHFF', 'HFHG']"
1,5,0.0,0.0,"['SFFF', 'FHHF', 'FHFF', 'HFHG']"
1,6,0.0,0.0,"['SFFF', 'FHHF', 'FHFF', 'HFHG']"
1,6,0.0,0.0,"['SFFF', 'FHHF', 'FHFF', 'HFHG']"
1,6,0.0,0.0,"['SFFF', 'FHHF', 'FHFF', 'HFHG']"
1,21,1.0,0.90289112180858,"['SFFF', 'FHHF', 'FHFH', 'FFFG']"
1,21,0.0,0.0,"['SFFF', 'FHHF', 'FHFH', 'FFFG']"
1,21,1.0,0.8451404054461714,"['SFFF', 'FHHF', 'FHFH', 'FFFG']"
1,22,1.0,0.8867604854519608,"['SFFF', 'FHHF', 'FHFH', 'FFFG']"
1,22,0.0,0.0,"['SFFF', 'FHHF', 'FHFH', 'FFFG']"
1,22,0.0,0.0,"['SFFF', 'FHHF', 'FHFH', 'FFFG']"
1,9,0.0,0.0,"['SFFF', 'FHHF', 'FHHF', 'FFFG']"
1,9,0.0,0.0,"['SFFF', 'FHHF', 'FHHF', 'FFFG']"
1,9,0.0,0.0,"['SFFF', 'FHHF', 'FHHF', 'FFFG']"
1,15,1.0,0.9559328248389055,"['SFFF', 'FHHF', 'FHHF', 'FFFG']"
1,15,1.0,0.8788035596734672,"['SFFF', 'FHHF', 'FHHF', 'FFFG']"
1,15,0.0,0.0,"['SFFF', 'FHHF', 'FHHF', 'FFFG']"
1,7,0.0,0.0,"['SFFF', 'FHHF', 'FHHF', 'HFHG']"
1,7,1.0,0.8867604854519608,"['SFFF', 'FHHF', 'FHHF', 'HFHG']"
1,7,0.0,0.0,"['SFFF', 'FHHF', 'FHHF', 'HFHG']"
1,5,0.0,0.0,"['SFFF', 'FHHF', 'FHHF', 'HHFG']"
1,5,0.0,0.0,"['SFFF', 'FHHF', 'FHHF', 'HHFG']"
1,5,0.0,0.0,"['SFFF', 'FHHF', 'FHHF', 'HHFG']"
1,6,0.0,0.0,"['SFFF', 'FHHF', 'FHHF', 'HHFG']"
1,6,0.0,0.0,"['SFFF', 'FHHF', 'FHHF', 'HHFG']"
1,6,0.0,0.0,"['SFFF', 'FHHF', 'FHHF', 'HHFG']"
1,2,0.0,0.0,"['SFFF', 'FHHF', 'FHHF', 'HHHG']"
1,2,0.0,0.0,"['SFFF', 'FHHF', 'FHHF', 'HHHG']"
1,2,0.0,0.0,"['SFFF', 'FHHF', 'FHHF', 'HHHG']"
1,9,0.0,0.0,"['SFFF', 'FHHF', 'FHHF', 'HHHG']"
1,9,0.0,0.0,"['SFFF', 'FHHF', 'FHHF', 'HHHG']"
1,9,0.0,0.0,"['SFFF', 'FHHF', 'FHHF', 'HHHG']"
1,13,1.0,0.8947894553945313,"['SFFF', 'FHHF', 'FHHF', 'HHHG']"
1,13,1.0,0.8553586117313603,"['SFFF', 'FHHF', 'FHHF', 'HHHG']"
1,13,0.0,0.0,"['SFFF', 'FHHF', 'FHHF', 'HHHG']"
1,15,0.0,0.0,"['SFFF', 'FHHF', 'FHHF', 'HHHG']"
1,15,0.0,0.0,"['SFFF', 'FHHF', 'FHHF', 'HHHG']"
1,15,1.0,0.837556937769312,"['SFFF', 'FHHF', 'FHHF', 'HHHG']"
1,4,0.0,0.0,"['SFFF', 'FHHF', 'HFFF', 'FFHG']"
1,4,0.0,0.0,"['SFFF', 'FHHF', 'HFFF', 'FFHG']"
1,4,0.0,0.0,"['SFFF', 'FHHF', 'HFFF', 'FFHG']"
1,2,0.0,0.0,"['SFFF', 'FHHF', 'HFFF', 'FHHG']"
1,2,0.0,0.0,"['SFFF', 'FHHF', 'HFFF', 'FHHG']"
1,2,0.0,0.0,"['SFFF', 'FHHF', 'HFFF', 'FHHG']"
1,9,1.0,0.8921050870283477,"['SFFF', 'FHHF', 'HFFF', 'HFFG']"
1,9,0.0,0.0,"['SFFF', 'FHHF', 'HFFF', 'HFFG']"
1,9,0.0,0.0,"['SFFF', 'FHHF', 'HFFF', 'HFFG']"
1,2,0.0,0.0,"['SFFF', 'FHHF', 'HFFF', 'HFHG']"
1,2,0.0,0.0,"['SFFF', 'FHHF', 'HFFF', 'HFHG']"
1,2,0.0,0.0,"['SFFF', 'FHHF', 'HFFF', 'HFHG']"
1,5,0.0,0.0,"['SFFF', 'FHHF', 'HFFF', 'HHFG']"
1,5,0.0,0.0,"['SFFF', 'FHHF', 'HFFF', 'HHFG']"
1,5,0.0,0.0,"['SFFF', 'FHHF', 'HFFF', 'HHFG']"
1,11,0.0,0.0,"['SFFF', 'FHHF', 'HFFF', 'HHHG']"
1,11,0.0,0.0,"['SFFF', 'FHHF', 'HFFF', 'HHHG']"
1,11,0.0,0.0,"['SFFF', 'FHHF', 'HFFF', 'HHHG']"
1,4,0.0,0.0,"['SFFF', 'FHHF', 'HFHF', 'FHFG']"
1,4,0.0,0.0,"['SFFF', 'FHHF', 'HFHF', 'FHFG']"
1,4,0.0,0.0,"['SFFF', 'FHHF', 'HFHF', 'FHFG']"
1,9,0.0,0.0,"['SFFF', 'FHHF', 'HFHF', 'FHFG']"
1,9,0.0,0.0,"['SFFF', 'FHHF', 'HFHF', 'FHFG']"
1,9,0.0,0.0,"['SFFF', 'FHHF', 'HFHF', 'FHFG']"
1,9,1.0,0.9138075656044898,"['SFFF', 'FHHF', 'HFHF', 'HFFG']"
1,9,0.0,0.0,"['SFFF', 'FHHF', 'HFHF', 'HFFG']"
1,9,0.0,0.0,"['SFFF', 'FHHF', 'HFHF', 'HFFG']"
1,4,0.0,0.0,"['SFFF', 'FHHF', 'HFHF', 'HFHG']"
1,4,0.0,0.0,"['SFFF', 'FHHF', 'HFHF', 'HFHG']"
1,4,0.0,0.0,"['SFFF', 'FHHF', 'HFHF', 'HFHG']"
1,5,0.0,0.0,"['SFFF', 'FHHF', 'HFHF', 'HHHG']"
1,5,0.0,0.0,"['SFFF', 'FHHF', 'HFHF', 'HHHG']"
1,5,0.0,0.0,"['SFFF', 'FHHF', 'HFHF', 'HHHG']"
1,13,1.0,0.79346393184295,"['SFFF', 'FHHF', 'HHFF', 'FHHG']"
1,13,0.0,0.0,"['SFFF', 'FHHF', 'HHFF', 'FHHG']"
1,13,0.0,0.0,"['SFFF', 'FHHF', 'HHFF', 'FHHG']"
1,2,0.0,0.0,"['SFFF', 'FHHF', 'HHFF', 'HFFG']"
1,2,0.0,0.0,"['SFFF', 'FHHF', 'HHFF', 'HFFG']"
1,2,0.0,0.0,"['SFFF', 'FHHF', 'HHFF', 'HFFG']"
1,5,0.0,0.0,"['SFFF', 'FHHF', 'HHHF', 'FFFG']"
1,5,0.0,0.0,"['SFFF', 'FHHF', 'HHHF', 'FFFG']"
1,5,0.0,0.0,"['SFFF', 'FHHF', 'HHHF', 'FFFG']"
1,6,0.0,0.0,"['SFFF', 'FHHF', 'HHHF', 'FFHG']"
1,6,0.0,0.0,"['SFFF', 'FHHF', 'HHHF', 'FFHG']"
1,6,0.0,0.0,"['SFFF', 'FHHF', 'HHHF', 'FFHG']"
1,11,1.0,0.7607805594527743,"['SFFF', 'FHHF', 'HHHF', 'FFHG']"
1,11,0.0,0.0,"['SFFF', 'FHHF', 'HHHF', 'FFHG']"
1,11,1.0,0.7958514863018556,"['SFFF', 'FHHF', 'HHHF', 'FFHG']"
1,12,0.0,0.0,"['SFFF', 'FHHF', 'HHHF', 'FFHG']"
1,12,1.0,0.860513950810667,"['SFFF', 'FHHF', 'HHHF', 'FFHG']"
1,12,1.0,0.8103284404851119,"['SFFF', 'FHHF', 'HHHF', 'FFHG']"
1,20,1.0,0.9559328248389055,"['SFFF', 'FHHF', 'HHHF', 'FFHG']"
1,20,1.0,0.9138075656044898,"['SFFF', 'FHHF', 'HHHF', 'FFHG']"
1,20,1.0,0.9821344612135428,"['SFFF', 'FHHF', 'HHHF', 'FFHG']"
1,9,0.0,0.0,"['SFFF', 'FHHF', 'HHHF', 'FHFG']"
1,9,0.0,0.0,"['SFFF', 'FHHF', 'HHHF', 'FHFG']"
1,9,0.0,0.0,"['SFFF', 'FHHF', 'HHHF', 'FHFG']"
1,5,0.0,0.0,"['SFFF', 'FHHF', 'HHHF', 'FHHG']"
1,5,0.0,0.0,"['SFFF', 'FHHF', 'HHHF', 'FHHG']"
1,5,0.0,0.0,"['SFFF', 'FHHF', 'HHHF', 'FHHG']"
1,6,0.0,0.0,"['SFFF', 'FHHF', 'HHHF', 'FHHG']"
1,6,0.0,0.0,"['SFFF', 'FHHF', 'HHHF', 'FHHG']"
1,6,0.0,0.0,"['SFFF', 'FHHF', 'HHHF', 'FHHG']"
1,8,0.0,0.0,"['SFFF', 'FHHF', 'HHHF', 'FHHG']"
1,8,1.0,0.776950406379376,"['SFFF', 'FHHF', 'HHHF', 'FHHG']"
1,8,0.0,0.0,"['SFFF', 'FHHF', 'HHHF', 'FHHG']"
1,11,0.0,0.0,"['SFFF', 'FHHF', 'HHHF', 'FHHG']"
1,11,0.0,0.0,"['SFFF', 'FHHF', 'HHHF', 'FHHG']"
1,11,1.0,0.8974819010978248,"['SFFF', 'FHHF', 'HHHF', 'FHHG']"
1,4,0.0,0.0,"['SFFF', 'FHHF', 'HHHF', 'HFHG']"
1,4,0.0,0.0,"['SFFF', 'FHHF', 'HHHF', 'HFHG']"
1,4,0.0,0.0,"['SFFF', 'FHHF', 'HHHF', 'HFHG']"
1,7,1.0,0.7887102894272789,"['SFFF', 'FHHF', 'HHHF', 'HFHG']"
1,7,0.0,0.0,"['SFFF', 'FHHF', 'HHHF', 'HFHG']"
1,7,0.0,0.0,"['SFFF', 'FHHF', 'HHHF', 'HFHG']"
1,8,0.0,0.0,"['SFFF', 'FHHF', 'HHHF', 'HFHG']"
1,8,0.0,0.0,"['SFFF', 'FHHF', 'HHHF', 'HFHG']"
1,8,0.0,0.0,"['SFFF', 'FHHF', 'HHHF', 'HFHG']"
1,10,0.0,0.0,"['SFFF', 'FHHF', 'HHHF', 'HFHG']"
1,10,0.0,0.0,"['SFFF', 'FHHF', 'HHHF', 'HFHG']"
1,10,0.0,0.0,"['SFFF', 'FHHF', 'HHHF', 'HFHG']"
1,2,0.0,0.0,"['SFFF', 'FHHF', 'HHHF', 'HHHG']"
1,2,0.0,0.0,"['SFFF', 'FHHF', 'HHHF', 'HHHG']"
1,2,0.0,0.0,"['SFFF', 'FHHF', 'HHHF', 'HHHG']"
1,5,0.0,0.0,"['SFFF', 'FHHF', 'HHHF', 'HHHG']"
1,5,0.0,0.0,"['SFFF', 'FHHF', 'HHHF', 'HHHG']"
1,5,0.0,0.0,"['SFFF', 'FHHF', 'HHHF', 'HHHG']"
1,6,0.0,0.0,"['SFFF', 'FHHF', 'HHHF', 'HHHG']"
1,6,0.0,0.0,"['SFFF', 'FHHF', 'HHHF', 'HHHG']"
1,6,0.0,0.0,"['SFFF', 'FHHF', 'HHHF', 'HHHG']"
1,7,0.0,0.0,"['SFFF', 'FHHF', 'HHHF', 'HHHG']"
1,7,0.0,0.0,"['SFFF', 'FHHF', 'HHHF', 'HHHG']"
1,7,1.0,0.8476834558136123,"['SFFF', 'FHHF', 'HHHF', 'HHHG']"
1,9,1.0,0.7562227231210928,"['SFFF', 'FHHF', 'HHHF', 'HHHG']"
1,9,0.0,0.0,"['SFFF', 'FHHF', 'HHHF', 'HHHG']"
1,9,0.0,0.0,"['SFFF', 'FHHF', 'HHHF', 'HHHG']"
1,6,0.0,0.0,"['SFFF', 'FHHH', 'FFFF', 'FFFG']"
1,6,1.0,0.7816331707050701,"['SFFF', 'FHHH', 'FFFF', 'FFFG']"
1,6,0.0,0.0,"['SFFF', 'FHHH', 'FFFF', 'FFFG']"
1,10,0.0,0.0,"['SFFF', 'FHHH', 'FFFF', 'FFFG']"
1,10,0.0,0.0,"['SFFF', 'FHHH', 'FFFF', 'FFFG']"
1,10,0.0,0.0,"['SFFF', 'FHHH', 'FFFF', 'FFFG']"
1,11,0.0,0.0,"['SFFF', 'FHHH', 'FFFF', 'FFFG']"
1,11,0.0,0.0,"['SFFF', 'FHHH', 'FFFF', 'FFFG']"
1,11,1.0,0.8476834558136123,"['SFFF', 'FHHH', 'FFFF', 'FFFG']"
1,12,1.0,0.8735386475474635,"['SFFF', 'FHHH', 'FFFF', 'FFFG']"
1,12,0.0,0.0,"['SFFF', 'FHHH', 'FFFF', 'FFFG']"
1,12,1.0,0.8476834558136123,"['SFFF', 'FHHH', 'FFFF', 'FFFG']"
1,13,0.0,0.0,"['SFFF', 'FHHH', 'FFFF', 'FFFG']"
1,13,0.0,0.0,"['SFFF', 'FHHH', 'FFFF', 'FFFG']"
1,13,1.0,0.7607805594527743,"['SFFF', 'FHHH', 'FFFF', 'FFFG']"
1,34,1.0,0.9645880999032158,"['SFFF', 'FHHH', 'FFFF', 'FFHG']"
1,34,1.0,0.9220814271464737,"['SFFF', 'FHHH', 'FFFF', 'FFHG']"
1,34,1.0,0.8974819010978248,"['SFFF', 'FHHH', 'FFFF', 'FFHG']"
1,43,1.0,0.9445131481500655,"['SFFF', 'FHHH', 'FFFF', 'FFHG']"
1,43,1.0,0.8974819010978248,"['SFFF', 'FHHH', 'FFFF', 'FFHG']"
1,43,1.0,0.9248559951318693,"['SFFF', 'FHHH', 'FFFF', 'FFHG']"
1,48,1.0,0.9193151828650342,"['SFFF', 'FHHH', 'FFFF', 'FFHG']"
1,48,1.0,0.9304302024748964,"['SFFF', 'FHHH', 'FFFF', 'FFHG']"
1,48,1.0,0.9616943356035061,"['SFFF', 'FHHH', 'FFFF', 'FFHG']"
1,51,1.0,0.9588092525966956,"['SFFF', 'FHHH', 'FFFF', 'FFHG']"
1,51,1.0,0.93603800616986,"['SFFF', 'FHHH', 'FFFF', 'FFHG']"
1,51,1.0,0.9248559951318693,"['SFFF', 'FHHH', 'FFFF', 'FFHG']"
1,60,1.0,0.9674905716180701,"['SFFF', 'FHHH', 'FFFF', 'FFHG']"
1,60,1.0,0.9083329444789534,"['SFFF', 'FHHH', 'FFFF', 'FFHG']"
1,60,1.0,0.9762504936564125,"['SFFF', 'FHHH', 'FFFF', 'FFHG']"
1,30,1.0,0.8201257512162927,"['SFFF', 'FHHH', 'FFFF', 'FHFG']"
1,30,1.0,0.8867604854519608,"['SFFF', 'FHHH', 'FFFF', 'FHFG']"
1,30,1.0,0.9674905716180701,"['SFFF', 'FHHH', 'FFFF', 'FHFG']"
1,32,1.0,0.8683052775100066,"['SFFF', 'FHHH', 'FFFF', 'FHFG']"
1,32,1.0,0.9332298921513504,"['SFFF', 'FHHH', 'FFFF', 'FHFG']"
1,32,1.0,0.9304302024748964,"['SFFF', 'FHHH', 'FFFF', 'FHFG']"
1,39,1.0,0.9220814271464737,"['SFFF', 'FHHH', 'FFFF', 'FHFG']"
1,39,1.0,0.9645880999032158,"['SFFF', 'FHHH', 'FFFF', 'FHFG']"
1,39,1.0,0.9193151828650342,"['SFFF', 'FHHH', 'FFFF', 'FHFG']"
1,53,1.0,0.9332298921513504,"['SFFF', 'FHHH', 'FFFF', 'FHHG']"
1,53,1.0,0.9110661429076764,"['SFFF', 'FHHH', 'FFFF', 'FHHG']"
1,53,1.0,0.9645880999032158,"['SFFF', 'FHHH', 'FFFF', 'FHHG']"
1,63,1.0,0.9616943356035061,"['SFFF', 'FHHH', 'FFFF', 'FHHG']"
1,63,1.0,0.9791880578299021,"['SFFF', 'FHHH', 'FFFF', 'FHHG']"
1,63,1.0,0.9733217421754432,"['SFFF', 'FHHH', 'FFFF', 'FHHG']"
1,64,1.0,0.9645880999032158,"['SFFF', 'FHHH', 'FFFF', 'FHHG']"
1,64,1.0,0.9674905716180701,"['SFFF', 'FHHH', 'FFFF', 'FHHG']"
1,64,1.0,0.9165572373164391,"['SFFF', 'FHHH', 'FFFF', 'FHHG']"
1,76,1.0,0.9821344612135428,"['SFFF', 'FHHH', 'FFFF', 'FHHG']"
1,76,1.0,0.8947894553945313,"['SFFF', 'FHHH', 'FFFF', 'FHHG']"
1,76,1.0,0.9762504936564125,"['SFFF', 'FHHH', 'FFFF', 'FHHG']"
1,74,1.0,0.985089730404757,"['SFFF', 'FHHH', 'FFFF', 'HFHG']"
1,74,1.0,0.9645880999032158,"['SFFF', 'FHHH', 'FFFF', 'HFHG']"
1,74,1.0,0.9276389118674717,"['SFFF', 'FHHH', 'FFFF', 'HFHG']"
1,95,1.0,0.9733217421754432,"['SFFF', 'FHHH', 'FFFF', 'HFHG']"
1,95,1.0,0.9530650263643888,"['SFFF', 'FHHH', 'FFFF', 'HFHG']"
1,95,1.0,0.9674905716180701,"['SFFF', 'FHHH', 'FFFF', 'HFHG']"
1,99,1.0,0.9733217421754432,"['SFFF', 'FHHH', 'FFFF', 'HFHG']"
1,99,1.0,0.9616943356035061,"['SFFF', 'FHHH', 'FFFF', 'HFHG']"
1,99,1.0,0.9791880578299021,"['SFFF', 'FHHH', 'FFFF', 'HFHG']"
1,19,1.0,0.9193151828650342,"['SFFF', 'FHHH', 'FFFF', 'HHFG']"
1,19,0.0,0.0,"['SFFF', 'FHHH', 'FFFF', 'HHFG']"
1,19,1.0,0.8921050870283477,"['SFFF', 'FHHH', 'FFFF', 'HHFG']"
1,41,1.0,0.9083329444789534,"['SFFF', 'FHHH', 'FFFF', 'HHFG']"
1,41,1.0,0.8921050870283477,"['SFFF', 'FHHH', 'FFFF', 'HHFG']"
1,41,1.0,0.9502058312852957,"['SFFF', 'FHHH', 'FFFF', 'HHFG']"
1,49,1.0,0.9530650263643888,"['SFFF', 'FHHH', 'FFFF', 'HHFG']"
1,49,1.0,0.9304302024748964,"['SFFF', 'FHHH', 'FFFF', 'HHFG']"
1,49,1.0,0.9276389118674717,"['SFFF', 'FHHH', 'FFFF', 'HHFG']"
1,60,1.0,0.9674905716180701,"['SFFF', 'FHHH', 'FFFF', 'HHHG']"
1,60,1.0,0.985089730404757,"['SFFF', 'FHHH', 'FFFF', 'HHHG']"
1,60,1.0,0.985089730404757,"['SFFF', 'FHHH', 'FFFF', 'HHHG']"
1,72,1.0,0.9674905716180701,"['SFFF', 'FHHH', 'FFFF', 'HHHG']"
1,72,1.0,0.9616943356035061,"['SFFF', 'FHHH', 'FFFF', 'HHHG']"
1,72,1.0,0.985089730404757,"['SFFF', 'FHHH', 'FFFF', 'HHHG']"
1,81,1.0,0.9616943356035061,"['SFFF', 'FHHH', 'FFFF', 'HHHG']"
1,81,1.0,0.9704017769489168,"['SFFF', 'FHHH', 'FFFF', 'HHHG']"
1,81,1.0,0.9733217421754432,"['SFFF', 'FHHH', 'FFFF', 'HHHG']"
1,83,1.0,0.9821344612135428,"['SFFF', 'FHHH', 'FFFF', 'HHHG']"
1,83,1.0,0.9704017769489168,"['SFFF', 'FHHH', 'FFFF', 'HHHG']"
1,83,1.0,0.8788035596734672,"['SFFF', 'FHHH', 'FFFF', 'HHHG']"
1,84,1.0,0.9473552137914398,"['SFFF', 'FHHH', 'FFFF', 'HHHG']"
1,84,1.0,0.9645880999032158,"['SFFF', 'FHHH', 'FFFF', 'HHHG']"
1,84,1.0,0.9559328248389055,"['SFFF', 'FHHH', 'FFFF', 'HHHG']"
1,86,1.0,0.9704017769489168,"['SFFF', 'FHHH', 'FFFF', 'HHHG']"
1,86,1.0,0.985089730404757,"['SFFF', 'FHHH', 'FFFF', 'HHHG']"
1,86,1.0,0.9588092525966956,"['SFFF', 'FHHH', 'FFFF', 'HHHG']"
1,5,0.0,0.0,"['SFFF', 'FHHH', 'FFFH', 'FFFG']"
1,5,0.0,0.0,"['SFFF', 'FHHH', 'FFFH', 'FFFG']"
1,5,0.0,0.0,"['SFFF', 'FHHH', 'FFFH', 'FFFG']"
1,7,0.0,0.0,"['SFFF', 'FHHH', 'FFFH', 'FFFG']"
1,7,0.0,0.0,"['SFFF', 'FHHH', 'FFFH', 'FFFG']"
1,7,0.0,0.0,"['SFFF', 'FHHH', 'FFFH', 'FFFG']"
1,56,1.0,0.9416796087056153,"['SFFF', 'FHHH', 'FFFH', 'FHFG']"
1,56,1.0,0.90289112180858,"['SFFF', 'FHHH', 'FFFH', 'FHFG']"
1,56,1.0,0.9762504936564125,"['SFFF', 'FHHH', 'FFFH', 'FHFG']"
1,61,1.0,0.9674905716180701,"['SFFF', 'FHHH', 'FFFH', 'FHFG']"
1,61,1.0,0.9220814271464737,"['SFFF', 'FHHH', 'FFFH', 'FHFG']"
1,61,1.0,0.9645880999032158,"['SFFF', 'FHHH', 'FFFH', 'FHFG']"
1,66,1.0,0.9165572373164391,"['SFFF', 'FHHH', 'FFFH', 'FHFG']"
1,66,1.0,0.9530650263643888,"['SFFF', 'FHHH', 'FFFH', 'FHFG']"
1,66,1.0,0.9559328248389055,"['SFFF', 'FHHH', 'FFFH', 'FHFG']"
1,75,1.0,0.9445131481500655,"['SFFF', 'FHHH', 'FFFH', 'FHFG']"
1,75,1.0,0.9559328248389055,"['SFFF', 'FHHH', 'FFFH', 'FHFG']"
1,75,1.0,0.9733217421754432,"['SFFF', 'FHHH', 'FFFH', 'FHFG']"
1,77,1.0,0.9530650263643888,"['SFFF', 'FHHH', 'FFFH', 'FHFG']"
1,77,1.0,0.9762504936564125,"['SFFF', 'FHHH', 'FFFH', 'FHFG']"
1,77,1.0,0.985089730404757,"['SFFF', 'FHHH', 'FFFH', 'FHFG']"
1,83,1.0,0.9704017769489168,"['SFFF', 'FHHH', 'FFFH', 'FHFG']"
1,83,1.0,0.9248559951318693,"['SFFF', 'FHHH', 'FFFH', 'FHFG']"
1,83,1.0,0.93603800616986,"['SFFF', 'FHHH', 'FFFH', 'FHFG']"
1,84,1.0,0.9791880578299021,"['SFFF', 'FHHH', 'FFFH', 'FHFG']"
1,84,1.0,0.9704017769489168,"['SFFF', 'FHHH', 'FFFH', 'FHFG']"
1,84,1.0,0.9704017769489168,"['SFFF', 'FHHH', 'FFFH', 'FHFG']"
1,89,1.0,0.9388545698794984,"['SFFF', 'FHHH', 'FFFH', 'FHFG']"
1,89,1.0,0.93603800616986,"['SFFF', 'FHHH', 'FFFH', 'FHFG']"
1,89,1.0,0.9791880578299021,"['SFFF', 'FHHH', 'FFFH', 'FHFG']"
1,96,1.0,0.9791880578299021,"['SFFF', 'FHHH', 'FFFH', 'FHFG']"
1,96,1.0,0.9674905716180701,"['SFFF', 'FHHH', 'FFFH', 'FHFG']"
1,96,1.0,0.9762504936564125,"['SFFF', 'FHHH', 'FFFH', 'FHFG']"
1,17,1.0,0.9056079456455165,"['SFFF', 'FHHH', 'FFFH', 'HFFG']"
1,17,0.0,0.0,"['SFFF', 'FHHH', 'FFFH', 'HFFG']"
1,17,1.0,0.9332298921513504,"['SFFF', 'FHHH', 'FFFH', 'HFFG']"
1,29,1.0,0.8921050870283477,"['SFFF', 'FHHH', 'FFFH', 'HFFG']"
1,29,1.0,0.9220814271464737,"['SFFF', 'FHHH', 'FFFH', 'HFFG']"
1,29,1.0,0.9473552137914398,"['SFFF', 'FHHH', 'FFFH', 'HFFG']"
1,35,1.0,0.9704017769489168,"['SFFF', 'FHHH', 'FFFH', 'HFFG']"
1,35,1.0,0.9588092525966956,"['SFFF', 'FHHH', 'FFFH', 'HFFG']"
1,35,1.0,0.9248559951318693,"['SFFF', 'FHHH', 'FFFH', 'HFFG']"
1,61,1.0,0.9645880999032158,"['SFFF', 'FHHH', 'FFFH', 'HHFG']"
1,61,1.0,0.985089730404757,"['SFFF', 'FHHH', 'FFFH', 'HHFG']"
1,61,1.0,0.9445131481500655,"['SFFF', 'FHHH', 'FFFH', 'HHFG']"
1,71,1.0,0.9821344612135428,"['SFFF', 'FHHH', 'FFFH', 'HHFG']"
1,71,1.0,0.9559328248389055,"['SFFF', 'FHHH', 'FFFH', 'HHFG']"
1,71,1.0,0.9588092525966956,"['SFFF', 'FHHH', 'FFFH', 'HHFG']"
1,82,1.0,0.9530650263643888,"['SFFF', 'FHHH', 'FFFH', 'HHFG']"
1,82,1.0,0.9616943356035061,"['SFFF', 'FHHH', 'FFFH', 'HHFG']"
1,82,1.0,0.9733217421754432,"['SFFF', 'FHHH', 'FFFH', 'HHFG']"
1,84,1.0,0.9821344612135428,"['SFFF', 'FHHH', 'FFFH', 'HHFG']"
1,84,1.0,0.9791880578299021,"['SFFF', 'FHHH', 'FFFH', 'HHFG']"
1,84,1.0,0.9704017769489168,"['SFFF', 'FHHH', 'FFFH', 'HHFG']"
1,16,1.0,0.9762504936564125,"['SFFF', 'FHHH', 'FFHF', 'FFFG']"
1,16,1.0,0.8103284404851119,"['SFFF', 'FHHH', 'FFHF', 'FFFG']"
1,16,1.0,0.8761671489944468,"['SFFF', 'FHHH', 'FFHF', 'FFFG']"
1,17,1.0,0.79346393184295,"['SFFF', 'FHHH', 'FFHF', 'FFFG']"
1,17,1.0,0.8709180316048211,"['SFFF', 'FHHH', 'FFHF', 'FFFG']"
1,17,0.0,0.0,"['SFFF', 'FHHH', 'FFHF', 'FFFG']"
1,33,1.0,0.9304302024748964,"['SFFF', 'FHHH', 'FFHF', 'FFFG']"
1,33,1.0,0.8867604854519608,"['SFFF', 'FHHH', 'FFHF', 'FFFG']"
1,33,1.0,0.9193151828650342,"['SFFF', 'FHHH', 'FFHF', 'FFFG']"
1,39,1.0,0.9704017769489168,"['SFFF', 'FHHH', 'FFHF', 'FFFG']"
1,39,1.0,0.9762504936564125,"['SFFF', 'FHHH', 'FFHF', 'FFFG']"
1,39,1.0,0.9733217421754432,"['SFFF', 'FHHH', 'FFHF', 'FFFG']"
1,49,1.0,0.8400771692771434,"['SFFF', 'FHHH', 'FFHF', 'HFFG']"
1,49,1.0,0.9416796087056153,"['SFFF', 'FHHH', 'FFHF', 'HFFG']"
1,49,1.0,0.9704017769489168,"['SFFF', 'FHHH', 'FFHF', 'HFFG']"
1,66,1.0,0.9416796087056153,"['SFFF', 'FHHH', 'FFHF', 'HFFG']"
1,66,1.0,0.9530650263643888,"['SFFF', 'FHHH', 'FFHF', 'HFFG']"
1,66,1.0,0.9674905716180701,"['SFFF', 'FHHH', 'FFHF', 'HFFG']"
1,67,1.0,0.9674905716180701,"['SFFF', 'FHHH', 'FFHF', 'HFFG']"
1,67,1.0,0.9445131481500655,"['SFFF', 'FHHH', 'FFHF', 'HFFG']"
1,67,1.0,0.9304302024748964,"['SFFF', 'FHHH', 'FFHF', 'HFFG']"
1,69,1.0,0.9762504936564125,"['SFFF', 'FHHH', 'FFHF', 'HFFG']"
1,69,1.0,0.9733217421754432,"['SFFF', 'FHHH', 'FFHF', 'HFFG']"
1,69,1.0,0.9704017769489168,"['SFFF', 'FHHH', 'FFHF', 'HFFG']"
1,84,1.0,0.9791880578299021,"['SFFF', 'FHHH', 'FFHF', 'HFFG']"
1,84,1.0,0.9791880578299021,"['SFFF', 'FHHH', 'FFHF', 'HFFG']"
1,84,1.0,0.9165572373164391,"['SFFF', 'FHHH', 'FFHF', 'HFFG']"
1,28,1.0,0.9473552137914398,"['SFFF', 'FHHH', 'FFHH', 'FFFG']"
1,28,1.0,0.9056079456455165,"['SFFF', 'FHHH', 'FFHH', 'FFFG']"
1,28,1.0,0.8527925358961662,"['SFFF', 'FHHH', 'FFHH', 'FFFG']"
1,41,1.0,0.9165572373164391,"['SFFF', 'FHHH', 'FFHH', 'HFFG']"
1,41,1.0,0.9616943356035061,"['SFFF', 'FHHH', 'FFHH', 'HFFG']"
1,41,1.0,0.9588092525966956,"['SFFF', 'FHHH', 'FFHH', 'HFFG']"
1,43,1.0,0.9762504936564125,"['SFFF', 'FHHH', 'FFHH', 'HFFG']"
1,43,1.0,0.9530650263643888,"['SFFF', 'FHHH', 'FFHH', 'HFFG']"
1,43,1.0,0.9416796087056153,"['SFFF', 'FHHH', 'FFHH', 'HFFG']"
1,47,1.0,0.9220814271464737,"['SFFF', 'FHHH', 'FFHH', 'HFFG']"
1,47,1.0,0.9248559951318693,"['SFFF', 'FHHH', 'FFHH', 'HFFG']"
1,47,1.0,0.985089730404757,"['SFFF', 'FHHH', 'FFHH', 'HFFG']"
1,51,1.0,0.9388545698794984,"['SFFF', 'FHHH', 'FFHH', 'HFFG']"
1,51,1.0,0.9248559951318693,"['SFFF', 'FHHH', 'FFHH', 'HFFG']"
1,51,1.0,0.9193151828650342,"['SFFF', 'FHHH', 'FFHH', 'HFFG']"
1,59,1.0,0.9248559951318693,"['SFFF', 'FHHH', 'FFHH', 'HFFG']"
1,59,1.0,0.9445131481500655,"['SFFF', 'FHHH', 'FFHH', 'HFFG']"
1,59,1.0,0.9762504936564125,"['SFFF', 'FHHH', 'FFHH', 'HFFG']"
1,60,1.0,0.9165572373164391,"['SFFF', 'FHHH', 'FFHH', 'HFFG']"
1,60,1.0,0.9645880999032158,"['SFFF', 'FHHH', 'FFHH', 'HFFG']"
1,60,1.0,0.9704017769489168,"['SFFF', 'FHHH', 'FFHH', 'HFFG']"
1,66,1.0,0.9588092525966956,"['SFFF', 'FHHH', 'FFHH', 'HFFG']"
1,66,1.0,0.9674905716180701,"['SFFF', 'FHHH', 'FFHH', 'HFFG']"
1,66,1.0,0.9674905716180701,"['SFFF', 'FHHH', 'FFHH', 'HFFG']"
1,77,1.0,0.9445131481500655,"['SFFF', 'FHHH', 'FFHH', 'HFFG']"
1,77,1.0,0.9445131481500655,"['SFFF', 'FHHH', 'FFHH', 'HFFG']"
1,77,1.0,0.9502058312852957,"['SFFF', 'FHHH', 'FFHH', 'HFFG']"
1,82,1.0,0.9530650263643888,"['SFFF', 'FHHH', 'FFHH', 'HFFG']"
1,82,1.0,0.9762504936564125,"['SFFF', 'FHHH', 'FFHH', 'HFFG']"
1,82,1.0,0.9445131481500655,"['SFFF', 'FHHH', 'FFHH', 'HFFG']"
1,90,1.0,0.9645880999032158,"['SFFF', 'FHHH', 'FFHH', 'HFFG']"
1,90,1.0,0.9588092525966956,"['SFFF', 'FHHH', 'FFHH', 'HFFG']"
1,90,1.0,0.9473552137914398,"['SFFF', 'FHHH', 'FFHH', 'HFFG']"
1,94,1.0,0.985089730404757,"['SFFF', 'FHHH', 'FFHH', 'HFFG']"
1,94,1.0,0.9588092525966956,"['SFFF', 'FHHH', 'FFHH', 'HFFG']"
1,94,1.0,0.9733217421754432,"['SFFF', 'FHHH', 'FFHH', 'HFFG']"
1,97,1.0,0.985089730404757,"['SFFF', 'FHHH', 'FFHH', 'HFFG']"
1,97,1.0,0.9674905716180701,"['SFFF', 'FHHH', 'FFHH', 'HFFG']"
1,97,1.0,0.9083329444789534,"['SFFF', 'FHHH', 'FFHH', 'HFFG']"
1,25,1.0,0.9416796087056153,"['SFFF', 'FHHH', 'FHFF', 'FFFG']"
1,25,1.0,0.7746195551602378,"['SFFF', 'FHHH', 'FHFF', 'FFFG']"
1,25,1.0,0.8325391341551359,"['SFFF', 'FHHH', 'FHFF', 'FFFG']"
1,26,1.0,0.9193151828650342,"['SFFF', 'FHHH', 'FHFF', 'FFFG']"
1,26,1.0,0.9388545698794984,"['SFFF', 'FHHH', 'FHFF', 'FFFG']"
1,26,1.0,0.8325391341551359,"['SFFF', 'FHHH', 'FHFF', 'FFFG']"
1,16,0.0,0.0,"['SFFF', 'FHHH', 'FHFH', 'FFFG']"
1,16,1.0,0.8709180316048211,"['SFFF', 'FHHH', 'FHFH', 'FFFG']"
1,16,1.0,0.7584982177744161,"['SFFF', 'FHHH', 'FHFH', 'FFFG']"
1,25,1.0,0.884100203995605,"['SFFF', 'FHHH', 'FHFH', 'FFFG']"
1,25,1.0,0.9001824484431542,"['SFFF', 'FHHH', 'FHFH', 'FFFG']"
1,25,1.0,0.9645880999032158,"['SFFF', 'FHHH', 'FHFH', 'FFFG']"
1,27,1.0,0.884100203995605,"['SFFF', 'FHHH', 'FHFH', 'FFFG']"
1,27,1.0,0.9733217421754432,"['SFFF', 'FHHH', 'FHFH', 'FFFG']"
1,27,1.0,0.9502058312852957,"['SFFF', 'FHHH', 'FHFH', 'FFFG']"
1,43,1.0,0.9165572373164391,"['SFFF', 'FHHH', 'FHFH', 'FFFG']"
1,43,1.0,0.9704017769489168,"['SFFF', 'FHHH', 'FHFH', 'FFFG']"
1,43,1.0,0.9588092525966956,"['SFFF', 'FHHH', 'FHFH', 'FFFG']"
1,20,1.0,0.8894287717672626,"['SFFF', 'FHHH', 'FHHF', 'FFFG']"
1,20,0.0,0.0,"['SFFF', 'FHHH', 'FHHF', 'FFFG']"
1,20,1.0,0.93603800616986,"['SFFF', 'FHHH', 'FHHF', 'FFFG']"
1,21,1.0,0.9762504936564125,"['SFFF', 'FHHH', 'FHHF', 'FFFG']"
1,21,1.0,0.8788035596734672,"['SFFF', 'FHHH', 'FHHF', 'FFFG']"
1,21,1.0,0.9276389118674717,"['SFFF', 'FHHH', 'FHHF', 'FFFG']"
1,49,1.0,0.9559328248389055,"['SFFF', 'FHHH', 'FHHF', 'FFFG']"
1,49,1.0,0.9445131481500655,"['SFFF', 'FHHH', 'FHHF', 'FFFG']"
1,49,1.0,0.9762504936564125,"['SFFF', 'FHHH', 'FHHF', 'FFFG']"
1,24,1.0,0.8553586117313603,"['SFFF', 'FHHH', 'FHHH', 'FFFG']"
1,24,1.0,0.9248559951318693,"['SFFF', 'FHHH', 'FHHH', 'FFFG']"
1,24,1.0,0.884100203995605,"['SFFF', 'FHHH', 'FHHH', 'FFFG']"
1,83,1.0,0.9645880999032158,"['SFFF', 'FHHH', 'FHHH', 'FFFG']"
1,83,1.0,0.9821344612135428,"['SFFF', 'FHHH', 'FHHH', 'FFFG']"
1,83,1.0,0.9588092525966956,"['SFFF', 'FHHH', 'FHHH', 'FFFG']"
1,2,0.0,0.0,"['SFFF', 'HFFF', 'FFFF', 'FFFG']"
1,2,0.0,0.0,"['SFFF', 'HFFF', 'FFFF', 'FFFG']"
1,2,0.0,0.0,"['SFFF', 'HFFF', 'FFFF', 'FFFG']"
1,4,0.0,0.0,"['SFFF', 'HFFF', 'FFFF', 'FFFG']"
1,4,0.0,0.0,"['SFFF', 'HFFF', 'FFFF', 'FFFG']"
1,4,0.0,0.0,"['SFFF', 'HFFF', 'FFFF', 'FFFG']"
1,1,0.0,0.0,"['SFFF', 'HFFF', 'FFFF', 'FHFG']"
1,1,0.0,0.0,"['SFFF', 'HFFF', 'FFFF', 'FHFG']"
1,1,0.0,0.0,"['SFFF', 'HFFF', 'FFFF', 'FHFG']"
1,4,0.0,0.0,"['SFFF', 'HFFF', 'FFFF', 'FHFG']"
1,4,0.0,0.0,"['SFFF', 'HFFF', 'FFFF', 'FHFG']"
1,4,0.0,0.0,"['SFFF', 'HFFF', 'FFFF', 'FHFG']"
1,11,1.0,0.7792882711929549,"['SFFF', 'HFFF', 'FFFF', 'FHFG']"
1,11,1.0,0.8657003616774767,"['SFFF', 'HFFF', 'FFFF', 'FHFG']"
1,11,0.0,0.0,"['SFFF', 'HFFF', 'FFFF', 'FHFG']"
1,3,0.0,0.0,"['SFFF', 'HFFF', 'FFFF', 'FHHG']"
1,3,0.0,0.0,"['SFFF', 'HFFF', 'FFFF', 'FHHG']"
1,3,0.0,0.0,"['SFFF', 'HFFF', 'FFFF', 'FHHG']"
1,4,0.0,0.0,"['SFFF', 'HFFF', 'FFFF', 'HFFG']"
1,4,0.0,0.0,"['SFFF', 'HFFF', 'FFFF', 'HFFG']"
1,4,0.0,0.0,"['SFFF', 'HFFF', 'FFFF', 'HFFG']"
1,5,0.0,0.0,"['SFFF', 'HFFF', 'FFFF', 'HFHG']"
1,5,0.0,0.0,"['SFFF', 'HFFF', 'FFFF', 'HFHG']"
1,5,0.0,0.0,"['SFFF', 'HFFF', 'FFFF', 'HFHG']"
1,2,0.0,0.0,"['SFFF', 'HFFF', 'FFFH', 'FFFG']"
1,2,0.0,0.0,"['SFFF', 'HFFF', 'FFFH', 'FFFG']"
1,2,0.0,0.0,"['SFFF', 'HFFF', 'FFFH', 'FFFG']"
1,6,0.0,0.0,"['SFFF', 'HFFF', 'FFFH', 'FFFG']"
1,6,1.0,0.8078974551636565,"['SFFF', 'HFFF', 'FFFH', 'FFFG']"
1,6,0.0,0.0,"['SFFF', 'HFFF', 'FFFH', 'FFFG']"
1,9,0.0,0.0,"['SFFF', 'HFFF', 'FFFH', 'FFFG']"
1,9,0.0,0.0,"['SFFF', 'HFFF', 'FFFH', 'FFFG']"
1,9,0.0,0.0,"['SFFF', 'HFFF', 'FFFH', 'FFFG']"
1,10,0.0,0.0,"['SFFF', 'HFFF', 'FFFH', 'FFFG']"
1,10,0.0,0.0,"['SFFF', 'HFFF', 'FFFH', 'FFFG']"
1,10,1.0,0.8451404054461714,"['SFFF', 'HFFF', 'FFFH', 'FFFG']"
1,12,0.0,0.0,"['SFFF', 'HFFF', 'FFFH', 'FHFG']"
1,12,0.0,0.0,"['SFFF', 'HFFF', 'FFFH', 'FHFG']"
1,12,0.0,0.0,"['SFFF', 'HFFF', 'FFFH', 'FHFG']"
1,1,0.0,0.0,"['SFFF', 'HFFF', 'FFFH', 'HFFG']"
1,1,0.0,0.0,"['SFFF', 'HFFF', 'FFFH', 'HFFG']"
1,1,0.0,0.0,"['SFFF', 'HFFF', 'FFFH', 'HFFG']"
1,6,0.0,0.0,"['SFFF', 'HFFF', 'FFFH', 'HFFG']"
1,6,0.0,0.0,"['SFFF', 'HFFF', 'FFFH', 'HFFG']"
1,6,0.0,0.0,"['SFFF', 'HFFF', 'FFFH', 'HFFG']"
1,11,0.0,0.0,"['SFFF', 'HFFF', 'FFFH', 'HFFG']"
1,11,1.0,0.8054737627981655,"['SFFF', 'HFFF', 'FFFH', 'HFFG']"
1,11,1.0,0.767668872977057,"['SFFF', 'HFFF', 'FFFH', 'HFFG']"
1,8,0.0,0.0,"['SFFF', 'HFFF', 'FFFH', 'HHFG']"
1,8,0.0,0.0,"['SFFF', 'HFFF', 'FFFH', 'HHFG']"
1,8,1.0,0.9416796087056153,"['SFFF', 'HFFF', 'FFFH', 'HHFG']"
1,1,0.0,0.0,"['SFFF', 'HFFF', 'FFHF', 'FFFG']"
1,1,0.0,0.0,"['SFFF', 'HFFF', 'FFHF', 'FFFG']"
1,1,0.0,0.0,"['SFFF', 'HFFF', 'FFHF', 'FFFG']"
1,2,0.0,0.0,"['SFFF', 'HFFF', 'FFHF', 'FFFG']"
1,2,0.0,0.0,"['SFFF', 'HFFF', 'FFHF', 'FFFG']"
1,2,0.0,0.0,"['SFFF', 'HFFF', 'FFHF', 'FFFG']"
1,2,0.0,0.0,"['SFFF', 'HFFF', 'FFHF', 'FFHG']"
1,2,0.0,0.0,"['SFFF', 'HFFF', 'FFHF', 'FFHG']"
1,2,0.0,0.0,"['SFFF', 'HFFF', 'FFHF', 'FFHG']"
1,5,0.0,0.0,"['SFFF', 'HFFF', 'FFHF', 'FHHG']"
1,5,0.0,0.0,"['SFFF', 'HFFF', 'FFHF', 'FHHG']"
1,5,0.0,0.0,"['SFFF', 'HFFF', 'FFHF', 'FHHG']"
1,4,0.0,0.0,"['SFFF', 'HFFF', 'FFHF', 'HFFG']"
1,4,0.0,0.0,"['SFFF', 'HFFF', 'FFHF', 'HFFG']"
1,4,0.0,0.0,"['SFFF', 'HFFF', 'FFHF', 'HFFG']"
1,11,0.0,0.0,"['SFFF', 'HFFF', 'FFHF', 'HFFG']"
1,11,0.0,0.0,"['SFFF', 'HFFF', 'FFHF', 'HFFG']"
1,11,0.0,0.0,"['SFFF', 'HFFF', 'FFHF', 'HFFG']"
1,12,0.0,0.0,"['SFFF', 'HFFF', 'FFHH', 'FFFG']"
1,12,1.0,0.9165572373164391,"['SFFF', 'HFFF', 'FFHH', 'FFFG']"
1,12,1.0,0.8400771692771434,"['SFFF', 'HFFF', 'FFHH', 'FFFG']"
1,13,0.0,0.0,"['SFFF', 'HFFF', 'FFHH', 'FFFG']"
1,13,1.0,0.7539540549517295,"['SFFF', 'HFFF', 'FFHH', 'FFFG']"
1,13,1.0,0.7958514863018556,"['SFFF', 'HFFF', 'FFHH', 'FFFG']"
1,23,0.0,0.0,"['SFFF', 'HFFF', 'FFHH', 'FFFG']"
1,23,0.0,0.0,"['SFFF', 'HFFF', 'FFHH', 'FFFG']"
1,23,0.0,0.0,"['SFFF', 'HFFF', 'FFHH', 'FFFG']"
1,24,1.0,0.9165572373164391,"['SFFF', 'HFFF', 'FFHH', 'FFFG']"
1,24,1.0,0.8683052775100066,"['SFFF', 'HFFF', 'FFHH', 'FFFG']"
1,24,1.0,0.9304302024748964,"['SFFF', 'HFFF', 'FFHH', 'FFFG']"
1,26,1.0,0.884100203995605,"['SFFF', 'HFFF', 'FFHH', 'FFFG']"
1,26,1.0,0.8683052775100066,"['SFFF', 'HFFF', 'FFHH', 'FFFG']"
1,26,1.0,0.8476834558136123,"['SFFF', 'HFFF', 'FFHH', 'FFFG']"
1,49,1.0,0.9733217421754432,"['SFFF', 'HFFF', 'FFHH', 'FFFG']"
1,49,1.0,0.9616943356035061,"['SFFF', 'HFFF', 'FFHH', 'FFFG']"
1,49,1.0,0.9416796087056153,"['SFFF', 'HFFF', 'FFHH', 'FFFG']"
1,12,1.0,0.9304302024748964,"['SFFF', 'HFFF', 'FFHH', 'HFFG']"
1,12,1.0,0.8006481694852418,"['SFFF', 'HFFF', 'FFHH', 'HFFG']"
1,12,1.0,0.7958514863018556,"['SFFF', 'HFFF', 'FFHH', 'HFFG']"
1,29,0.0,0.0,"['SFFF', 'HFFF', 'FFHH', 'HFFG']"
1,29,1.0,0.8502341582884777,"['SFFF', 'HFFF', 'FFHH', 'HFFG']"
1,29,1.0,0.8974819010978248,"['SFFF', 'HFFF', 'FFHH', 'HFFG']"
1,33,1.0,0.9791880578299021,"['SFFF', 'HFFF', 'FFHH', 'HFFG']"
1,33,1.0,0.9388545698794984,"['SFFF', 'HFFF', 'FFHH', 'HFFG']"
1,33,1.0,0.9645880999032158,"['SFFF', 'HFFF', 'FFHH', 'HFFG']"
1,48,1.0,0.9821344612135428,"['SFFF', 'HFFF', 'FFHH', 'HFFG']"
1,48,1.0,0.9704017769489168,"['SFFF', 'HFFF', 'FFHH', 'HFFG']"
1,48,1.0,0.857932408958235,"['SFFF', 'HFFF', 'FFHH', 'HFFG']"
1,57,1.0,0.90289112180858,"['SFFF', 'HFFF', 'FFHH', 'HFFG']"
1,57,1.0,0.9704017769489168,"['SFFF', 'HFFF', 'FFHH', 'HFFG']"
1,57,1.0,0.9445131481500655,"['SFFF', 'HFFF', 'FFHH', 'HFFG']"
1,2,0.0,0.0,"['SFFF', 'HFFF', 'FHFF', 'FFHG']"
1,2,0.0,0.0,"['SFFF', 'HFFF', 'FHFF', 'FFHG']"
1,2,0.0,0.0,"['SFFF', 'HFFF', 'FHFF', 'FFHG']"
1,2,0.0,0.0,"['SFFF', 'HFFF', 'FHFF', 'FHHG']"
1,2,0.0,0.0,"['SFFF', 'HFFF', 'FHFF', 'FHHG']"
1,2,0.0,0.0,"['SFFF', 'HFFF', 'FHFF', 'FHHG']"
1,12,0.0,0.0,"['SFFF', 'HFFF', 'FHFH', 'FFFG']"
1,12,0.0,0.0,"['SFFF', 'HFFF', 'FHFH', 'FFFG']"
1,12,1.0,0.8947894553945313,"['SFFF', 'HFFF', 'FHFH', 'FFFG']"
1,25,0.0,0.0,"['SFFF', 'HFFF', 'FHFH', 'FFFG']"
1,25,1.0,0.8631032605924442,"['SFFF', 'HFFF', 'FHFH', 'FFFG']"
1,25,0.0,0.0,"['SFFF', 'HFFF', 'FHFH', 'FFFG']"
1,8,0.0,0.0,"['SFFF', 'HFFF', 'FHFH', 'HFFG']"
1,8,1.0,0.8006481694852418,"['SFFF', 'HFFF', 'FHFH', 'HFFG']"
1,8,0.0,0.0,"['SFFF', 'HFFF', 'FHFH', 'HFFG']"
1,14,0.0,0.0,"['SFFF', 'HFFF', 'FHFH', 'HFFG']"
1,14,0.0,0.0,"['SFFF', 'HFFF', 'FHFH', 'HFFG']"
1,14,1.0,0.9248559951318693,"['SFFF', 'HFFF', 'FHFH', 'HFFG']"
1,6,0.0,0.0,"['SFFF', 'HFFF', 'FHFH', 'HHFG']"
1,6,0.0,0.0,"['SFFF', 'HFFF', 'FHFH', 'HHFG']"
1,6,0.0,0.0,"['SFFF', 'HFFF', 'FHFH', 'HHFG']"
1,13,1.0,0.837556937769312,"['SFFF', 'HFFF', 'FHFH', 'HHFG']"
1,13,1.0,0.860513950810667,"['SFFF', 'HFFF', 'FHFH', 'HHFG']"
1,13,0.0,0.0,"['SFFF', 'HFFF', 'FHFH', 'HHFG']"
1,17,1.0,0.8426049842298329,"['SFFF', 'HFFF', 'FHFH', 'HHFG']"
1,17,1.0,0.8078974551636565,"['SFFF', 'HFFF', 'FHFH', 'HHFG']"
1,17,0.0,0.0,"['SFFF', 'HFFF', 'FHFH', 'HHFG']"
1,20,0.0,0.0,"['SFFF', 'HFFF', 'FHFH', 'HHFG']"
1,20,0.0,0.0,"['SFFF', 'HFFF', 'FHFH', 'HHFG']"
1,20,1.0,0.9674905716180701,"['SFFF', 'HFFF', 'FHFH', 'HHFG']"
1,55,1.0,0.9001824484431542,"['SFFF', 'HFFF', 'FHFH', 'HHFG']"
1,55,1.0,0.9762504936564125,"['SFFF', 'HFFF', 'FHFH', 'HHFG']"
1,55,1.0,0.9645880999032158,"['SFFF', 'HFFF', 'FHFH', 'HHFG']"
1,4,0.0,0.0,"['SFFF', 'HFFF', 'FHHF', 'FFFG']"
1,4,0.0,0.0,"['SFFF', 'HFFF', 'FHHF', 'FFFG']"
1,4,0.0,0.0,"['SFFF', 'HFFF', 'FHHF', 'FFFG']"
1,2,0.0,0.0,"['SFFF', 'HFFF', 'FHHF', 'FFHG']"
1,2,0.0,0.0,"['SFFF', 'HFFF', 'FHHF', 'FFHG']"
1,2,0.0,0.0,"['SFFF', 'HFFF', 'FHHF', 'FFHG']"
1,1,0.0,0.0,"['SFFF', 'HFFF', 'HFFF', 'FFFG']"
1,1,1.0,0.9645880999032158,"['SFFF', 'HFFF', 'HFFF', 'FFFG']"
1,1,0.0,0.0,"['SFFF', 'HFFF', 'HFFF', 'FFFG']"
1,2,0.0,0.0,"['SFFF', 'HFFF', 'HFFF', 'FFFG']"
1,2,0.0,0.0,"['SFFF', 'HFFF', 'HFFF', 'FFFG']"
1,2,0.0,0.0,"['SFFF', 'HFFF', 'HFFF', 'FFFG']"
1,2,0.0,0.0,"['SFFF', 'HFFF', 'HFFF', 'HFFG']"
1,2,0.0,0.0,"['SFFF', 'HFFF', 'HFFF', 'HFFG']"
1,2,0.0,0.0,"['SFFF', 'HFFF', 'HFFF', 'HFFG']"
1,2,0.0,0.0,"['SFFF', 'HFFF', 'HFFF', 'HHFG']"
1,2,0.0,0.0,"['SFFF', 'HFFF', 'HFFF', 'HHFG']"
1,2,0.0,0.0,"['SFFF', 'HFFF', 'HFFF', 'HHFG']"
1,7,0.0,0.0,"['SFFF', 'HFFF', 'HFFH', 'FFFG']"
1,7,0.0,0.0,"['SFFF', 'HFFF', 'HFFH', 'FFFG']"
1,7,0.0,0.0,"['SFFF', 'HFFF', 'HFFH', 'FFFG']"
1,9,0.0,0.0,"['SFFF', 'HFFF', 'HFFH', 'FFFG']"
1,9,0.0,0.0,"['SFFF', 'HFFF', 'HFFH', 'FFFG']"
1,9,0.0,0.0,"['SFFF', 'HFFF', 'HFFH', 'FFFG']"
1,3,0.0,0.0,"['SFFF', 'HFFF', 'HFFH', 'HHFG']"
1,3,0.0,0.0,"['SFFF', 'HFFF', 'HFFH', 'HHFG']"
1,3,0.0,0.0,"['SFFF', 'HFFF', 'HFFH', 'HHFG']"
1,16,0.0,0.0,"['SFFF', 'HFFF', 'HFFH', 'HHFG']"
1,16,0.0,0.0,"['SFFF', 'HFFF', 'HFFH', 'HHFG']"
1,16,1.0,0.8894287717672626,"['SFFF', 'HFFF', 'HFFH', 'HHFG']"
1,6,0.0,0.0,"['SFFF', 'HFFF', 'HFHF', 'FHFG']"
1,6,0.0,0.0,"['SFFF', 'HFFF', 'HFHF', 'FHFG']"
1,6,0.0,0.0,"['SFFF', 'HFFF', 'HFHF', 'FHFG']"
1,4,0.0,0.0,"['SFFF', 'HFFF', 'HFHF', 'HFFG']"
1,4,0.0,0.0,"['SFFF', 'HFFF', 'HFHF', 'HFFG']"
1,4,0.0,0.0,"['SFFF', 'HFFF', 'HFHF', 'HFFG']"
1,12,0.0,0.0,"['SFFF', 'HFFF', 'HFHH', 'FFFG']"
1,12,1.0,0.8683052775100066,"['SFFF', 'HFFF', 'HFHH', 'FFFG']"
1,12,1.0,0.8054737627981655,"['SFFF', 'HFFF', 'HFHH', 'FFFG']"
1,18,1.0,0.9445131481500655,"['SFFF', 'HFFF', 'HFHH', 'FFFG']"
1,18,1.0,0.9001824484431542,"['SFFF', 'HFFF', 'HFHH', 'FFFG']"
1,18,1.0,0.884100203995605,"['SFFF', 'HFFF', 'HFHH', 'FFFG']"
1,27,1.0,0.884100203995605,"['SFFF', 'HFFF', 'HFHH', 'FFFG']"
1,27,1.0,0.8947894553945313,"['SFFF', 'HFFF', 'HFHH', 'FFFG']"
1,27,1.0,0.8325391341551359,"['SFFF', 'HFFF', 'HFHH', 'FFFG']"
1,41,1.0,0.9791880578299021,"['SFFF', 'HFFF', 'HFHH', 'FFFG']"
1,41,1.0,0.9762504936564125,"['SFFF', 'HFFF', 'HFHH', 'FFFG']"
1,41,1.0,0.9791880578299021,"['SFFF', 'HFFF', 'HFHH', 'FFFG']"
1,48,1.0,0.9791880578299021,"['SFFF', 'HFFF', 'HFHH', 'FFFG']"
1,48,1.0,0.8894287717672626,"['SFFF', 'HFFF', 'HFHH', 'FFFG']"
1,48,1.0,0.9332298921513504,"['SFFF', 'HFFF', 'HFHH', 'FFFG']"
1,32,1.0,0.93603800616986,"['SFFF', 'HFFF', 'HFHH', 'HFFG']"
1,32,1.0,0.9304302024748964,"['SFFF', 'HFFF', 'HFHH', 'HFFG']"
1,32,1.0,0.8225935318117279,"['SFFF', 'HFFF', 'HFHH', 'HFFG']"
1,35,0.0,0.0,"['SFFF', 'HFFF', 'HFHH', 'HFFG']"
1,35,1.0,0.8527925358961662,"['SFFF', 'HFFF', 'HFHH', 'HFFG']"
1,35,1.0,0.9445131481500655,"['SFFF', 'HFFF', 'HFHH', 'HFFG']"
1,50,1.0,0.90289112180858,"['SFFF', 'HFFF', 'HFHH', 'HFFG']"
1,50,1.0,0.9588092525966956,"['SFFF', 'HFFF', 'HFHH', 'HFFG']"
1,50,1.0,0.9588092525966956,"['SFFF', 'HFFF', 'HFHH', 'HFFG']"
1,52,1.0,0.9791880578299021,"['SFFF', 'HFFF', 'HFHH', 'HFFG']"
1,52,1.0,0.9502058312852957,"['SFFF', 'HFFF', 'HFHH', 'HFFG']"
1,52,1.0,0.9332298921513504,"['SFFF', 'HFFF', 'HFHH', 'HFFG']"
1,60,1.0,0.9445131481500655,"['SFFF', 'HFFF', 'HFHH', 'HFFG']"
1,60,1.0,0.9791880578299021,"['SFFF', 'HFFF', 'HFHH', 'HFFG']"
1,60,1.0,0.9165572373164391,"['SFFF', 'HFFF', 'HFHH', 'HFFG']"
1,2,0.0,0.0,"['SFFF', 'HFFF', 'HHFF', 'HHFG']"
1,2,0.0,0.0,"['SFFF', 'HFFF', 'HHFF', 'HHFG']"
1,2,0.0,0.0,"['SFFF', 'HFFF', 'HHFF', 'HHFG']"
1,3,0.0,0.0,"['SFFF', 'HFFF', 'HHFH', 'FHFG']"
1,3,0.0,0.0,"['SFFF', 'HFFF', 'HHFH', 'FHFG']"
1,3,0.0,0.0,"['SFFF', 'HFFF', 'HHFH', 'FHFG']"
1,11,0.0,0.0,"['SFFF', 'HFFF', 'HHFH', 'FHFG']"
1,11,0.0,0.0,"['SFFF', 'HFFF', 'HHFH', 'FHFG']"
1,11,0.0,0.0,"['SFFF', 'HFFF', 'HHFH', 'FHFG']"
1,19,1.0,0.8761671489944468,"['SFFF', 'HFFF', 'HHFH', 'HFFG']"
1,19,0.0,0.0,"['SFFF', 'HFFF', 'HHFH', 'HFFG']"
1,19,1.0,0.9220814271464737,"['SFFF', 'HFFF', 'HHFH', 'HFFG']"
1,12,1.0,0.9473552137914398,"['SFFF', 'HFFF', 'HHFH', 'HHFG']"
1,12,0.0,0.0,"['SFFF', 'HFFF', 'HHFH', 'HHFG']"
1,12,0.0,0.0,"['SFFF', 'HFFF', 'HHFH', 'HHFG']"
1,4,0.0,0.0,"['SFFF', 'HFFF', 'HHHF', 'HFHG']"
1,4,0.0,0.0,"['SFFF', 'HFFF', 'HHHF', 'HFHG']"
1,4,0.0,0.0,"['SFFF', 'HFFF', 'HHHF', 'HFHG']"
1,4,0.0,0.0,"['SFFF', 'HFFF', 'HHHF', 'HHHG']"
1,4,0.0,0.0,"['SFFF', 'HFFF', 'HHHF', 'HHHG']"
1,4,0.0,0.0,"['SFFF', 'HFFF', 'HHHF', 'HHHG']"
1,3,0.0,0.0,"['SFFF', 'HFFH', 'FFFF', 'FFFG']"
1,3,0.0,0.0,"['SFFF', 'HFFH', 'FFFF', 'FFFG']"
1,3,0.0,0.0,"['SFFF', 'HFFH', 'FFFF', 'FFFG']"
1,5,0.0,0.0,"['SFFF', 'HFFH', 'FFFF', 'FFFG']"
1,5,0.0,0.0,"['SFFF', 'HFFH', 'FFFF', 'FFFG']"
1,5,0.0,0.0,"['SFFF', 'HFFH', 'FFFF', 'FFFG']"
1,7,0.0,0.0,"['SFFF', 'HFFH', 'FFFF', 'FFHG']"
1,7,0.0,0.0,"['SFFF', 'HFFH', 'FFFF', 'FFHG']"
1,7,0.0,0.0,"['SFFF', 'HFFH', 'FFFF', 'FFHG']"
1,5,0.0,0.0,"['SFFF', 'HFFH', 'FFFF', 'FHFG']"
1,5,0.0,0.0,"['SFFF', 'HFFH', 'FFFF', 'FHFG']"
1,5,0.0,0.0,"['SFFF', 'HFFH', 'FFFF', 'FHFG']"
1,6,0.0,0.0,"['SFFF', 'HFFH', 'FFFF', 'FHHG']"
1,6,0.0,0.0,"['SFFF', 'HFFH', 'FFFF', 'FHHG']"
1,6,0.0,0.0,"['SFFF', 'HFFH', 'FFFF', 'FHHG']"
1,8,0.0,0.0,"['SFFF', 'HFFH', 'FFFF', 'FHHG']"
1,8,0.0,0.0,"['SFFF', 'HFFH', 'FFFF', 'FHHG']"
1,8,0.0,0.0,"['SFFF', 'HFFH', 'FFFF', 'FHHG']"
1,73,1.0,0.9530650263643888,"['SFFF', 'HFFH', 'FFFF', 'FHHG']"
1,73,1.0,0.9733217421754432,"['SFFF', 'HFFH', 'FFFF', 'FHHG']"
1,73,1.0,0.9616943356035061,"['SFFF', 'HFFH', 'FFFF', 'FHHG']"
