Temperature,Map,Simulations,Return,Discounted Return
1,"['SFFHH', 'HFFFH', 'HFFFH', 'FHFFF', 'HFHFG']",50,1.0,0.8709180316048211
1,"['SHHHH', 'FHHHH', 'FHHFH', 'FHFHH', 'FFFFG']",63,0.0,0.0
1,"['SFFHH', 'HHFHH', 'HHFHF', 'HHFHH', 'HHFFG']",45,0.0,0.0
1,"['SFFHH', 'HFHHH', 'HFFHF', 'HFFFF', 'FHFHG']",50,0.0,0.0
1,"['SHHHF', 'FHFFH', 'FFHFH', 'FHHFF', 'FFFFG']",44,0.0,0.0
1,"['SFFHH', 'FHFHH', 'FFFFF', 'HHHHF', 'HHFFG']",54,0.0,0.0
1,"['SFHHH', 'HFFHH', 'HHFFH', 'FHHFF', 'HHHHG']",65,0.0,0.0
1,"['SHFFH', 'FFHHF', 'HFFHF', 'FFFFF', 'HFFHG']",2,0.0,0.0
1,"['SHHHF', 'FFHHH', 'FHHHF', 'FFFFF', 'FHFFG']",88,1.0,0.90289112180858
1,"['SFFFF', 'FHHFH', 'FFFFH', 'HFHFF', 'HHFHG']",54,0.0,0.0
1,"['SHHHF', 'FFFHH', 'HHFFF', 'HHFHF', 'HFHHG']",73,0.0,0.0
1,"['SFFFF', 'FFFFF', 'FFFFF', 'FFFFF', 'FHFFG']",38,1.0,0.9502058312852957
1,"['SFFFF', 'HHFFH', 'FFFHF', 'HHFFF', 'HFFFG']",84,1.0,0.8788035596734672
1,"['SFFHF', 'FFFFH', 'FHHFF', 'FHFFF', 'FHFFG']",92,0.0,0.0
1,"['SFFFF', 'FFFFF', 'FHHFF', 'HFFFF', 'FHFFG']",45,1.0,0.9674905716180701
1,"['SHFHF', 'FHHHF', 'FFFFH', 'FHFFH', 'FHHFG']",33,0.0,0.0
1,"['SFHHH', 'HFFFF', 'HHHHF', 'HHHHF', 'HHHHG']",9,0.0,0.0
1,"['SFFHF', 'FFFFF', 'FHFFF', 'FFFFF', 'FFHFG']",95,1.0,0.9559328248389055
1,"['SFFHF', 'FHHHH', 'FFFFH', 'HFFHF', 'HFFFG']",67,0.0,0.0
1,"['SFFFF', 'HFHFF', 'FHHFF', 'HHHFF', 'HFFHG']",83,1.0,0.9502058312852957
1,"['SFHFH', 'HFFFH', 'FFFFF', 'FHFHF', 'FHFHG']",17,0.0,0.0
1,"['SFHFF', 'FFFFF', 'FHFFF', 'FFFFF', 'FHFFG']",13,1.0,0.837556937769312
1,"['SFFFF', 'HHFFF', 'HHHFF', 'HFFHF', 'HHFFG']",48,1.0,0.9559328248389055
1,"['SFFHH', 'HHFHH', 'HFFHH', 'FHFHF', 'HHFFG']",72,0.0,0.0
1,"['SFFFF', 'FFHFF', 'FFHHF', 'FHFFF', 'HFHFG']",81,1.0,0.9588092525966956
1,"['SHHFF', 'FFHFH', 'HFFFF', 'FHFHF', 'HFFFG']",64,0.0,0.0
1,"['SFFHF', 'FFHFF', 'HFFFF', 'FFFFF', 'FFFFG']",16,0.0,0.0
1,"['SFFFF', 'FFFHF', 'FFHFH', 'FFFHF', 'FHFFG']",10,0.0,0.0
1,"['SHHHH', 'FHHHH', 'FHHHF', 'FHHHH', 'FFFFG']",90,0.0,0.0
1,"['SFFFF', 'FFHFF', 'FFHFH', 'HFFHF', 'HFFFG']",69,0.0,0.0
1,"['SHHHH', 'FHFHH', 'FFFFF', 'HHHHF', 'HHHFG']",28,0.0,0.0
1,"['SHHHH', 'FFHHF', 'FHHHH', 'FFFFH', 'HFHFG']",31,0.0,0.0
1,"['SFHHH', 'FFFFH', 'FHFFF', 'FFHFH', 'FHFFG']",55,0.0,0.0
1,"['SFHFF', 'FFHHF', 'HFFFF', 'FFHHF', 'HFHHG']",59,0.0,0.0
1,"['SFFFF', 'HHFFF', 'HFFFH', 'HHHFF', 'HFFFG']",16,0.0,0.0
1,"['SFFFF', 'FFFFF', 'HFFFH', 'HFFHF', 'FFFFG']",16,0.0,0.0
1,"['SFHHH', 'HFHHH', 'HFHHH', 'HFFFF', 'HHHFG']",70,0.0,0.0
1,"['SHFFF', 'FHFHH', 'FFFFF', 'FFFHF', 'FFFFG']",38,1.0,0.9056079456455165
1,"['SHHFH', 'FHHHF', 'FHHFF', 'FFFFF', 'FHFHG']",37,0.0,0.0
1,"['SFFFF', 'FFFHH', 'HFFHF', 'FFFFF', 'FFHHG']",27,0.0,0.0
1,"['SFFHH', 'HHFFF', 'FHHFF', 'HHHHF', 'HHHHG']",87,1.0,0.9473552137914398
1,"['SHFFF', 'FFFFF', 'FHFFF', 'HHFHF', 'HHHFG']",6,0.0,0.0
1,"['SFHHH', 'FHHHF', 'FHFHH', 'FFFFF', 'FFHFG']",60,0.0,0.0
1,"['SFFFF', 'HFFFF', 'FFFFF', 'FFFHH', 'FFFFG']",18,0.0,0.0
1,"['SFHHH', 'HFHFH', 'FFFHF', 'HHFFF', 'HHHHG']",84,0.0,0.0
1,"['SFFFF', 'FFFFH', 'HFHFF', 'HFFFF', 'HHHFG']",76,1.0,0.9248559951318693
1,"['SFFHH', 'HHFHH', 'FHFHH', 'HFFFF', 'HHHHG']",13,0.0,0.0
1,"['SHHFF', 'FFFFF', 'HHHFH', 'HFFFF', 'FFHHG']",67,0.0,0.0
1,"['SFFFH', 'FFFFF', 'FHFFF', 'FFFHF', 'HFFFG']",18,0.0,0.0
1,"['SHHFH', 'FHHHH', 'FFFHH', 'HHFFH', 'HHHFG']",52,0.0,0.0
1,"['SFFFH', 'FHFFH', 'FHHFF', 'FFFHF', 'FHFFG']",9,0.0,0.0
1,"['SFFFH', 'HHFHH', 'HHFHH', 'HHFFF', 'HFHHG']",74,0.0,0.0
1,"['SFHHH', 'HFFHH', 'HHFFF', 'HFHHF', 'HHHHG']",56,0.0,0.0
1,"['SFFHH', 'FHFHF', 'HFFHF', 'HFFFH', 'HHFFG']",84,1.0,0.7910835400474212
1,"['SFHFF', 'HFFFH', 'FFHHF', 'FFFFF', 'FFFHG']",99,0.0,0.0
1,"['SFFHF', 'FFFFH', 'FFFHF', 'FFFHF', 'FFFFG']",43,1.0,0.9248559951318693
1,"['SHFHF', 'FHFFH', 'FFHHH', 'HFFFF', 'FHFHG']",42,0.0,0.0
1,"['SFFHH', 'FFFHH', 'HFFFH', 'FHHFH', 'HFHFG']",95,0.0,0.0
1,"['SHHHF', 'FFHHF', 'FHFHH', 'FFFHH', 'HFFFG']",56,0.0,0.0
1,"['SFFHF', 'HFFFF', 'HHFFF', 'FFFHF', 'FFHFG']",59,1.0,0.857932408958235
1,"['SHFHH', 'FFHHH', 'HFFFF', 'HHHHF', 'HHFHG']",71,0.0,0.0
1,"['SFFFF', 'FFFFF', 'FFHHF', 'FHFFF', 'FFHFG']",82,1.0,0.9332298921513504
1,"['SFFFF', 'FHFFF', 'FFFHF', 'HFHHF', 'FFFFG']",76,1.0,0.9733217421754432
1,"['SHHHH', 'FFHFH', 'HFFFH', 'HHHFH', 'HHHFG']",81,0.0,0.0
1,"['SFFFH', 'FFFFH', 'HFFHH', 'HHFFF', 'HFFHG']",54,0.0,0.0
1,"['SHHFF', 'FFFFH', 'HHFFF', 'FHHHF', 'HHHFG']",3,0.0,0.0
1,"['SHHHF', 'FHFFF', 'FFFHH', 'FHFFF', 'FFFFG']",86,1.0,0.8867604854519608
1,"['SFFHH', 'FFFFF', 'FFFFH', 'FFFFF', 'HFFHG']",95,1.0,0.9388545698794984
1,"['SFFHF', 'HFFFH', 'HFFFF', 'HHHFF', 'HHFFG']",91,1.0,0.9762504936564125
1,"['SHFHH', 'FFFHH', 'FFFFF', 'HHHHF', 'FHHHG']",40,0.0,0.0
1,"['SFFFH', 'HFFHH', 'FFHFH', 'FFFFF', 'HHHHG']",52,0.0,0.0
1,"['SFHHH', 'FFFHF', 'HHFFH', 'HFHFF', 'HHHHG']",89,0.0,0.0
1,"['SFFFF', 'HFHFH', 'FHFFF', 'FFFFF', 'FFFFG']",17,0.0,0.0
1,"['SFFFF', 'HHFFH', 'FFHFF', 'FFFFF', 'HHFFG']",51,1.0,0.90289112180858
1,"['SFFHH', 'HFFHH', 'HFFHF', 'HFFFH', 'HHHFG']",41,0.0,0.0
1,"['SHHHF', 'FHHHH', 'FFHHH', 'HFHHH', 'HFFFG']",42,0.0,0.0
1,"['SFFFH', 'FFFHH', 'HFFHF', 'HFFFF', 'FFFFG']",91,1.0,0.9704017769489168
1,"['SHFHH', 'FHHHH', 'FHHHH', 'FFFFH', 'HHHFG']",10,0.0,0.0
1,"['SHFHH', 'FFFFH', 'HHHFH', 'HHHFH', 'HHHFG']",87,0.0,0.0
1,"['SFFFF', 'FFFFF', 'FFHFF', 'FFHFF', 'FFHFG']",63,1.0,0.9733217421754432
1,"['SFFFH', 'FFFFH', 'FHHFF', 'FFFFH', 'HHFFG']",55,1.0,0.8527925358961662
1,"['SFHFF', 'FFHHF', 'FFFHH', 'FFFHF', 'HHFFG']",9,0.0,0.0
1,"['SFFHH', 'HHFFH', 'HHHFF', 'HFHHF', 'FHFFG']",21,0.0,0.0
1,"['SHFFH', 'FFFHF', 'FHHFH', 'FFFFF', 'FFFFG']",98,1.0,0.9416796087056153
1,"['SFFFH', 'HFFFF', 'FHHHF', 'FFFFF', 'HFFHG']",25,0.0,0.0
1,"['SHFHF', 'FHFHF', 'FFFFF', 'FHFFF', 'HHFFG']",43,0.0,0.0
1,"['SFFFH', 'FHHFF', 'HFHHF', 'HHHHF', 'FHFFG']",21,0.0,0.0
1,"['SHHFF', 'FFFFF', 'FHFFF', 'FFFFF', 'FHFFG']",14,0.0,0.0
1,"['SFHFH', 'FHFFF', 'FFFFF', 'HFHHF', 'FHHFG']",66,0.0,0.0
1,"['SHHHF', 'FFFFF', 'FFHFF', 'HHHHF', 'HHHHG']",51,0.0,0.0
1,"['SFHHF', 'FFFFF', 'FFFHF', 'FFHFH', 'FFFFG']",23,0.0,0.0
1,"['SFFHH', 'FFHHH', 'HFFHH', 'FHFHH', 'HHFFG']",49,0.0,0.0
1,"['SFFFF', 'HFFFH', 'FHFFF', 'FFFHH', 'FFFFG']",96,1.0,0.8709180316048211
1,"['SFFHF', 'FFFFF', 'FFFHF', 'FHHHF', 'FFFFG']",32,0.0,0.0
1,"['SFFHH', 'HHFFF', 'HFFFH', 'HHHFH', 'FHHFG']",45,0.0,0.0
1,"['SFFFH', 'FHHFF', 'FFHHF', 'HHHHF', 'HHHHG']",79,1.0,0.8894287717672626
1,"['SFHFH', 'HFFHH', 'HHFFH', 'HHHFF', 'HHHHG']",60,0.0,0.0
1,"['SFHHH', 'HFFFF', 'HHHHF', 'HHHHF', 'HHHHG']",10,0.0,0.0
1,"['SFHHH', 'HFFHH', 'HFFFF', 'HFHHF', 'HHFHG']",32,0.0,0.0
1,"['SFHFF', 'FHFHF', 'FFFFF', 'FFFHF', 'FFFFG']",32,1.0,0.9762504936564125
1,"['SFHFH', 'FFHHH', 'HFFFH', 'FHHFF', 'HHHHG']",6,0.0,0.0
1,"['SHHFF', 'FFFFH', 'FHHFF', 'FFHFF', 'HHHFG']",9,0.0,0.0
1,"['SFFFF', 'FFFHF', 'FFHHF', 'FFFFF', 'FFFHG']",37,1.0,0.8325391341551359
1,"['SFHFF', 'HFFFF', 'HHFHF', 'HHHHF', 'HHFFG']",83,0.0,0.0
1,"['SFFFF', 'FFFFF', 'FHFHF', 'FFFFF', 'HFFFG']",7,0.0,0.0
1,"['SFFFF', 'HFFFF', 'FFHFF', 'HFFHF', 'FFFFG']",88,1.0,0.9388545698794984
1,"['SFFFF', 'HHHHF', 'HHHHF', 'HHHHF', 'HHHHG']",35,0.0,0.0
1,"['SFFFH', 'FHFFF', 'HHHHF', 'HHFHF', 'FHHHG']",54,1.0,0.8527925358961662
1,"['SHFHF', 'FFFHF', 'FFFFH', 'FFFFF', 'FFFFG']",77,1.0,0.9616943356035061
1,"['SHHHH', 'FFFHH', 'HHFFF', 'HFHHF', 'HHHFG']",15,0.0,0.0
1,"['SHHHH', 'FHFHH', 'FHHHH', 'FFHHH', 'HFFFG']",80,0.0,0.0
1,"['SHHFH', 'FFFFH', 'HFHFF', 'HHFHF', 'HHHHG']",4,0.0,0.0
1,"['SFFHH', 'FFFHF', 'FFFFF', 'HFFFF', 'HHFFG']",28,1.0,0.7722956964947572
1,"['SHHFH', 'FHHHF', 'FHHHH', 'FFFFH', 'FFHFG']",41,0.0,0.0
1,"['SFHHH', 'HFFHH', 'FFFFH', 'HHHFF', 'FHFHG']",94,0.0,0.0
1,"['SFHFF', 'FHFFF', 'FFFHF', 'FFHFF', 'HFFFG']",70,0.0,0.0
1,"['SHHHH', 'FFFFH', 'HHFFF', 'HHHHF', 'HHHHG']",44,0.0,0.0
1,"['SFHFH', 'HFFHH', 'HFHHH', 'FFFHH', 'HHFFG']",42,0.0,0.0
1,"['SFFHH', 'HFHHF', 'FFFFH', 'FHHFF', 'HHHHG']",2,0.0,0.0
1,"['SFHFF', 'FFFFH', 'FHHFF', 'FFHHF', 'HFHFG']",9,0.0,0.0
1,"['SFHHH', 'FHFHF', 'FFFFF', 'FHFFH', 'FFHFG']",62,0.0,0.0
1,"['SFHHF', 'FFFFF', 'HFFHF', 'HFHFF', 'FFHFG']",10,0.0,0.0
1,"['SFFFF', 'HHFHF', 'HHHFF', 'FFFHF', 'HFFHG']",50,1.0,0.8275513922024125
1,"['SHFHH', 'FFHFH', 'HFHHH', 'HFFFF', 'HHFFG']",23,0.0,0.0
1,"['SFFHH', 'FFHFH', 'FHFFH', 'FFHFH', 'FFFFG']",22,0.0,0.0
1,"['SFFFF', 'HFFHF', 'FFFFF', 'FFHFF', 'FFHFG']",43,1.0,0.9588092525966956
1,"['SHFFF', 'FFFFF', 'FFHFF', 'FFFFF', 'FFFHG']",33,0.0,0.0
1,"['SHHFH', 'FFHHH', 'HFFHH', 'HFFFF', 'HFFHG']",60,0.0,0.0
1,"['SFFFF', 'FFFFF', 'FFFFH', 'FFFFF', 'FFFFG']",50,1.0,0.9791880578299021
1,"['SFHFH', 'HFFFH', 'HFHFF', 'FFHHF', 'FHHFG']",67,0.0,0.0
1,"['SFHFF', 'FFFHF', 'FHFHH', 'FHFFF', 'HHFHG']",57,0.0,0.0
1,"['SFFHH', 'HHFFF', 'FFHFF', 'HFHHF', 'HHHFG']",28,0.0,0.0
1,"['SHHFF', 'FFFHF', 'FFFHF', 'HFFFF', 'HFFHG']",57,0.0,0.0
1,"['SFHHH', 'FFFHH', 'HFFFF', 'HFFHH', 'FHFFG']",73,0.0,0.0
1,"['SHHHH', 'FFHHH', 'FFFFF', 'HFFFF', 'HHHFG']",89,1.0,0.9559328248389055
1,"['SHHHF', 'FHHHF', 'FFFFF', 'FFFFH', 'HFFFG']",11,0.0,0.0
1,"['SHHHH', 'FHHHH', 'FHHHH', 'FHHHH', 'FFFFG']",74,0.0,0.0
1,"['SFFFF', 'FFFFF', 'FFFFF', 'FFFFF', 'FFFFG']",28,1.0,0.9559328248389055
1,"['SFFHF', 'HFHHH', 'HFHHF', 'HFFFH', 'HHFFG']",13,0.0,0.0
1,"['SFFFH', 'HFHHF', 'FFFFH', 'HFFFF', 'HFFFG']",91,1.0,0.9110661429076764
1,"['SFHHF', 'HFHHF', 'HFHHH', 'HFHHH', 'FFFFG']",66,0.0,0.0
1,"['SHFHH', 'FFHFF', 'FFHHH', 'FFHHF', 'HFFFG']",92,0.0,0.0
1,"['SFFHF', 'HHFHF', 'FHFHH', 'HFFHF', 'HHFFG']",37,0.0,0.0
1,"['SHHHH', 'FHFHH', 'FFFFF', 'FHFFF', 'HHFHG']",5,0.0,0.0
1,"['SFFFH', 'FHFHF', 'FFFFF', 'HHFHF', 'FFFFG']",12,0.0,0.0
1,"['SFHFF', 'HFFFF', 'HFHFH', 'FFFFF', 'FFHFG']",74,0.0,0.0
1,"['SFFHF', 'HHFFH', 'HHFFF', 'FHHHF', 'FHHFG']",22,0.0,0.0
1,"['SFFHF', 'HFFFF', 'FFFFF', 'FHFFF', 'HFFFG']",87,1.0,0.9762504936564125
1,"['SFHFH', 'FFFFF', 'HFFFF', 'HFHFF', 'FHHHG']",15,0.0,0.0
1,"['SFHFH', 'FFFHF', 'FFFFH', 'FFFFF', 'FFFFG']",19,1.0,0.9388545698794984
1,"['SHFFH', 'FFFFH', 'FHHHH', 'FFFFF', 'FFHFG']",92,0.0,0.0
1,"['SFHFF', 'HFHFF', 'FFHHF', 'HFFFH', 'HFHFG']",82,0.0,0.0
1,"['SFFFF', 'FFHFF', 'FFHFF', 'HHHHF', 'FFFHG']",89,1.0,0.9502058312852957
1,"['SFHFH', 'HFFFH', 'HHFHH', 'FHFFF', 'HHHFG']",43,0.0,0.0
1,"['SHFHF', 'FFFFF', 'HHFHF', 'HFHHF', 'HFFHG']",11,0.0,0.0
1,"['SFFFF', 'HFFFF', 'HHFFF', 'FFFFH', 'FFFFG']",44,1.0,0.9165572373164391
1,"['SFHFH', 'HFHFH', 'FFFFH', 'HHHFH', 'HHHFG']",60,0.0,0.0
1,"['SHHFF', 'FHHFF', 'FFFFH', 'HFFFF', 'FHFFG']",88,1.0,0.9416796087056153
1,"['SFFFH', 'FFFHH', 'HFFFF', 'HHFFF', 'HFHHG']",57,1.0,0.8006481694852418
1,"['SHFFF', 'FFHFF', 'FFFFF', 'FFFFF', 'FFFFG']",63,1.0,0.9704017769489168
1,"['SFHHH', 'FFFFH', 'FFHFF', 'FFHHH', 'HFFFG']",8,0.0,0.0
1,"['SFHFF', 'FFFHF', 'FHFFH', 'FHFFH', 'FHFFG']",95,0.0,0.0
1,"['SFFHF', 'FFFHF', 'FFFFF', 'FFFFF', 'FFFFG']",15,1.0,0.9304302024748964
1,"['SHHHH', 'FFFHF', 'FFFHH', 'HFHFH', 'FFFFG']",17,0.0,0.0
1,"['SFHHH', 'HFHHF', 'HFHFF', 'FFFFF', 'FFHHG']",1,0.0,0.0
1,"['SFFHH', 'FHFHF', 'HFFFF', 'FFHFF', 'HFFFG']",48,0.0,0.0
1,"['SFFFH', 'FHFFH', 'HFFFF', 'FFFFF', 'FFFFG']",50,1.0,0.9674905716180701
1,"['SFFFF', 'FFFFH', 'HFFFF', 'HHHHF', 'HHFHG']",13,0.0,0.0
1,"['SFFFF', 'HFHHF', 'FFHFH', 'FFFFF', 'FFHFG']",82,0.0,0.0
1,"['SFHHH', 'FHFHH', 'FHHHF', 'FHFFH', 'FFFFG']",27,0.0,0.0
1,"['SFFFH', 'FHFHH', 'HFFFF', 'FFFFF', 'FHFHG']",9,0.0,0.0
1,"['SFHFF', 'FHHHF', 'FFHFF', 'FFFFH', 'HHFFG']",55,0.0,0.0
1,"['SFFHH', 'HFFFF', 'HFHFF', 'HHFHF', 'HHFFG']",5,0.0,0.0
1,"['SFFHF', 'FHFFH', 'HFHFH', 'FHHFH', 'FHHFG']",96,0.0,0.0
1,"['SHHHF', 'FHFFF', 'FFFFH', 'HFHFF', 'HHFHG']",84,0.0,0.0
1,"['SFHHH', 'FHHHH', 'FHHHH', 'FFHHH', 'FFFFG']",79,0.0,0.0
1,"['SFFHH', 'HHFFH', 'HHFFH', 'HHHFF', 'FHFHG']",41,0.0,0.0
1,"['SFFHH', 'FHFHH', 'HHFFH', 'FFHFH', 'HHHFG']",51,0.0,0.0
1,"['SFFFF', 'FFFFH', 'FFFFH', 'FFFHH', 'HFFFG']",36,1.0,0.9416796087056153
1,"['SHFHF', 'FHFHH', 'FFFFF', 'FHFHF', 'HFFFG']",63,0.0,0.0
1,"['SFFFF', 'FHFFF', 'HHHFF', 'FFHHF', 'FFFFG']",46,1.0,0.9416796087056153
1,"['SHFHH', 'FHHHH', 'FFFFH', 'HFFFF', 'HHFFG']",24,0.0,0.0
1,"['SHHHH', 'FFHHH', 'HFFFH', 'HFHFF', 'FHFHG']",82,0.0,0.0
1,"['SFHHH', 'HFFFH', 'HHFFH', 'HHFFF', 'HHFHG']",83,0.0,0.0
1,"['SFFFH', 'FHHFH', 'FFHFF', 'HHHHF', 'HHHHG']",5,0.0,0.0
1,"['SFHHH', 'FFHHH', 'HFFHH', 'HHFHF', 'HHFFG']",11,0.0,0.0
1,"['SHFHH', 'FFHFF', 'HFHHF', 'HFFHH', 'FHFFG']",57,0.0,0.0
1,"['SFHFH', 'HFHHH', 'HFFHH', 'HHFFH', 'HFHFG']",32,0.0,0.0
1,"['SFHHH', 'HFFHH', 'FHFHH', 'HHFFF', 'HHHFG']",28,0.0,0.0
1,"['SHHHF', 'FFFHF', 'HFFFH', 'HHFFH', 'HFFFG']",41,0.0,0.0
1,"['SFHFF', 'HFFFF', 'HFFFF', 'FFFFF', 'FFHFG']",95,1.0,0.9674905716180701
1,"['SFFHF', 'HFFHF', 'HHFHH', 'HHFHF', 'HHFFG']",38,0.0,0.0
1,"['SHFFF', 'FFHHH', 'FFHFF', 'FFFFH', 'FHFFG']",34,0.0,0.0
1,"['SFFFH', 'FHHFH', 'HHHFF', 'HHHHF', 'HHHFG']",89,1.0,0.9083329444789534
1,"['SFFFF', 'HFHHH', 'HFFFF', 'HFFHF', 'FHHFG']",34,0.0,0.0
1,"['SFFHF', 'FHFFF', 'FFFFH', 'HHFFF', 'HHFFG']",41,1.0,0.9416796087056153
1,"['SHHFH', 'FHFHH', 'FFFFH', 'HHFHH', 'HFFFG']",69,0.0,0.0
1,"['SFFFH', 'HFFFF', 'HHHFH', 'HHHFF', 'HFFHG']",46,1.0,0.7816331707050701
1,"['SFFFF', 'HFFFF', 'HFHHF', 'FHFFF', 'HFHHG']",72,1.0,0.9616943356035061
1,"['SFHHF', 'FFFFH', 'HFHFF', 'HHHHF', 'HHFHG']",59,0.0,0.0
1,"['SHFFH', 'FFHHF', 'HFFFF', 'FFFHH', 'HHFFG']",100,0.0,0.0
1,"['SFFFF', 'FFFFF', 'FFFFF', 'HFHHF', 'FFFFG']",50,1.0,0.9193151828650342
1,"['SHFFH', 'FHHHF', 'FFFFH', 'FHHFF', 'HFHFG']",31,0.0,0.0
1,"['SFHHH', 'FHHHH', 'FFHFH', 'FFFFF', 'FHHHG']",1,0.0,0.0
1,"['SFFFF', 'FFFFH', 'HHHFF', 'HHFHF', 'FHFFG']",4,0.0,0.0
1,"['SFFFH', 'FFHFF', 'FFFFF', 'FHFFF', 'FHFFG']",79,1.0,0.9165572373164391
1,"['SFFFH', 'HFFFF', 'HHFHF', 'HHHFF', 'HHFFG']",59,1.0,0.9645880999032158
1,"['SFHHF', 'FFHHH', 'HFFFH', 'HHHFH', 'HHHFG']",74,0.0,0.0
1,"['SFFFF', 'HFFFF', 'FFFHF', 'FFFFF', 'FFFFG']",1,0.0,0.0
1,"['SHHFF', 'FFFFF', 'FHHFF', 'HHHHF', 'HHFHG']",98,0.0,0.0
1,"['SHFFF', 'FFFFF', 'FFFFH', 'FFHFF', 'FFFFG']",47,1.0,0.9530650263643888
1,"['SHHFF', 'FFHFH', 'FHHHF', 'FFHFF', 'FFFFG']",56,0.0,0.0
1,"['SHHFH', 'FFFHH', 'HHFHF', 'HHFFH', 'HHHFG']",72,0.0,0.0
1,"['SHFHH', 'FFFFH', 'HFHFH', 'HHHFF', 'HHHFG']",23,0.0,0.0
1,"['SFHFF', 'FFHHH', 'HFHHH', 'FFHHH', 'HFFFG']",25,0.0,0.0
1,"['SFFFH', 'HFHFH', 'HFFHH', 'HHFFF', 'HHHFG']",37,0.0,0.0
1,"['SFFFH', 'HFHFH', 'HFFFH', 'HHFFF', 'HHHHG']",78,0.0,0.0
1,"['SFFFF', 'HHHHF', 'HHHFF', 'HHHHF', 'HHHHG']",3,1.0,0.8201257512162927
1,"['SFHFH', 'HFHHH', 'FFHHH', 'HFFFF', 'HHHHG']",20,0.0,0.0
1,"['SFFHH', 'HHFHH', 'HHFHH', 'HHFFH', 'HHHFG']",17,0.0,0.0
1,"['SFFFF', 'FFFFF', 'HFFFF', 'FFHHF', 'HHHFG']",95,1.0,0.90289112180858
1,"['SFHFF', 'FFHFF', 'FFFFF', 'FFFFF', 'FFFFG']",31,1.0,0.9733217421754432
1,"['SFHHH', 'HFHFH', 'HFHFH', 'HFHHH', 'HFFFG']",73,0.0,0.0
1,"['SFFHH', 'HHFHH', 'HHFHH', 'HFFFH', 'HHFFG']",88,0.0,0.0
1,"['SFHFH', 'HFFHF', 'FFFHF', 'FFFFF', 'FHFFG']",56,1.0,0.9138075656044898
1,"['SFHHH', 'FHHHF', 'FHHFH', 'FFFFF', 'FHHFG']",24,0.0,0.0
1,"['SHHFH', 'FHFFF', 'FFHFH', 'FHHFH', 'FFFFG']",55,0.0,0.0
1,"['SHHFF', 'FFFFF', 'HFHFH', 'HFFHH', 'FHFFG']",86,0.0,0.0
1,"['SHHFH', 'FHHHH', 'FFFFF', 'FFHFF', 'HHFHG']",54,0.0,0.0
1,"['SFFFF', 'HFHFF', 'HHHHF', 'HHHHF', 'HFFFG']",38,1.0,0.7699788094052729
1,"['SFFFF', 'FHFFF', 'FFFFH', 'FFFFF', 'FHFFG']",58,1.0,0.9559328248389055
1,"['SHHHH', 'FHHHH', 'FFFFF', 'HHHHF', 'FHHHG']",2,0.0,0.0
1,"['SFFHH', 'FHFFH', 'FFFFF', 'FHHFH', 'HFHFG']",51,0.0,0.0
1,"['SHHHH', 'FHHHH', 'FFFFH', 'HHHFH', 'HHHFG']",96,0.0,0.0
1,"['SHFFF', 'FFFHF', 'FFFFF', 'FFFFF', 'FFFFG']",27,1.0,0.9502058312852957
1,"['SFFFF', 'HFHFF', 'FFFHH', 'HFFFF', 'FFFFG']",33,1.0,0.7816331707050701
1,"['SFHFH', 'FFFFH', 'HFFFF', 'FHFHH', 'HFFFG']",16,0.0,0.0
1,"['SFFFF', 'FHHFF', 'FFFHH', 'HHFFH', 'HFHFG']",15,0.0,0.0
1,"['SFHHH', 'HFFFF', 'FHFFH', 'HHFFF', 'FFHHG']",52,0.0,0.0
1,"['SHHHH', 'FFHHF', 'FFFHH', 'HHFHH', 'HHFFG']",90,0.0,0.0
1,"['SHHHH', 'FFHHH', 'HFHHH', 'HFHHH', 'HFFFG']",49,0.0,0.0
1,"['SHFHH', 'FFHHH', 'HFHHH', 'FFFHH', 'HHFFG']",22,0.0,0.0
1,"['SFFFF', 'FFFHF', 'FHFFF', 'FFFFF', 'HFFFG']",53,1.0,0.9645880999032158
1,"['SFFFH', 'HFFHF', 'HFFFF', 'FFFHF', 'FFFFG']",72,1.0,0.9445131481500655
1,"['SHHHF', 'FHHHH', 'FHHFH', 'FFFFF', 'HFHFG']",23,0.0,0.0
1,"['SHHFH', 'FFFFH', 'FHFFH', 'FHHFH', 'HHFFG']",43,0.0,0.0
1,"['SFFHF', 'FFFFF', 'FHFHF', 'FFFHH', 'HHFFG']",12,0.0,0.0
1,"['SFFFF', 'FFFFH', 'HHFHF', 'HHFFF', 'FHFFG']",26,0.0,0.0
1,"['SFHHH', 'FHHHH', 'FFHHH', 'HFHFH', 'HFFFG']",94,0.0,0.0
1,"['SFFHH', 'FHFHH', 'HHFFH', 'HFHFF', 'HHHHG']",3,0.0,0.0
1,"['SFHHH', 'FFHHF', 'FHHHH', 'FFFFF', 'FHFFG']",77,0.0,0.0
1,"['SFHHH', 'HFFFH', 'HHHFH', 'HHHFH', 'FFHFG']",98,0.0,0.0
1,"['SHFHH', 'FFFHF', 'HFHFH', 'HFFFF', 'FFHFG']",74,0.0,0.0
1,"['SFFFH', 'HFFFF', 'FFFHF', 'HFFHF', 'FHFHG']",71,1.0,0.8451404054461714
1,"['SFHHH', 'FFHHF', 'FFFFH', 'FFFFF', 'FFFFG']",58,1.0,0.9733217421754432
1,"['SFFFH', 'HFHFH', 'HHHFH', 'HHFFF', 'HHHHG']",71,0.0,0.0
1,"['SFFFH', 'HHHFF', 'FFHFH', 'FFFFF', 'FFHFG']",79,1.0,0.9056079456455165
1,"['SFFFH', 'FFFHF', 'FFHHH', 'HFFHF', 'HFFFG']",67,0.0,0.0
1,"['SFFFF', 'HHHFF', 'HFFFF', 'FFHFH', 'HHFFG']",65,1.0,0.8709180316048211
1,"['SHFHH', 'FFFFH', 'HHHFF', 'HHHFH', 'FFHFG']",35,0.0,0.0
1,"['SFFHF', 'FHFFF', 'HHFHF', 'FFHFF', 'HFHFG']",63,1.0,0.8325391341551359
1,"['SFFHH', 'HHFHH', 'FHFFF', 'HFHHF', 'FFFFG']",36,0.0,0.0
1,"['SHHHH', 'FHHHH', 'FFFHH', 'HFFFF', 'HHHHG']",61,0.0,0.0
1,"['SFFHH', 'FHFHF', 'HFFFF', 'HFHHF', 'FFFHG']",81,0.0,0.0
1,"['SFFFH', 'FHFFF', 'HHHFF', 'HHHFH', 'HHFFG']",25,0.0,0.0
1,"['SHHHH', 'FFHFF', 'HFFFH', 'FHHFH', 'FHHFG']",33,0.0,0.0
1,"['SFHHH', 'FHFFF', 'FHFFH', 'FFHFF', 'FFFFG']",90,1.0,0.8657003616774767
1,"['SFHFH', 'FHHHF', 'FHFHF', 'FFFFH', 'HHHFG']",80,0.0,0.0
1,"['SFFHH', 'HHFFF', 'HFHHF', 'HFFHF', 'HHHHG']",29,0.0,0.0
1,"['SFHFF', 'FFFFF', 'FFFFF', 'FFFFH', 'FHFFG']",50,1.0,0.9083329444789534
1,"['SFFFF', 'FFFHF', 'HFFFF', 'FFFFF', 'FHFFG']",98,1.0,0.9588092525966956
1,"['SHFFF', 'FFFFF', 'FFFFF', 'FFFFF', 'FFFHG']",66,1.0,0.9416796087056153
1,"['SFFFF', 'FHFFF', 'HHFFF', 'FHFFH', 'HFFFG']",56,1.0,0.8735386475474635
1,"['SFFFF', 'HFFHF', 'HFHFF', 'FHHHF', 'HFFHG']",72,1.0,0.8894287717672626
1,"['SHFFH', 'FFHHH', 'HFHFF', 'FFFFF', 'FHFFG']",18,0.0,0.0
1,"['SFHHF', 'FFHFF', 'FFFFF', 'HHHFH', 'FHHFG']",53,0.0,0.0
1,"['SFHFH', 'FFFFH', 'FFHFF', 'HFHFH', 'HHHFG']",97,0.0,0.0
1,"['SFHFF', 'FFHFF', 'FFFFF', 'FHHFF', 'FHFFG']",95,1.0,0.9332298921513504
1,"['SFFFF', 'FFHFF', 'FFFFF', 'FFFFF', 'FFFFG']",81,1.0,0.9791880578299021
1,"['SHFHH', 'FFFFF', 'FFHHF', 'FHFFF', 'FHFFG']",69,0.0,0.0
1,"['SFHHH', 'FFHHH', 'HFHHF', 'FFFFH', 'FHHFG']",56,0.0,0.0
1,"['SHFFH', 'FFFHF', 'FFHFH', 'FFFFF', 'FFFHG']",6,0.0,0.0
1,"['SFFFF', 'FFFFF', 'FHFFF', 'FFFFF', 'FFHFG']",58,1.0,0.9762504936564125
1,"['SFFFH', 'HHFHH', 'HHFFF', 'HHFHH', 'HFFFG']",71,0.0,0.0
1,"['SFHFH', 'FFHHF', 'FFHFF', 'HFFHF', 'HFFFG']",13,0.0,0.0
1,"['SFFHF', 'FFFHF', 'HFFHF', 'FFFFF', 'FHFFG']",4,0.0,0.0
1,"['SFHFF', 'HFHHH', 'FFFFH', 'HFFFH', 'FHHFG']",13,0.0,0.0
1,"['SFFFF', 'FFHHH', 'FFHHH', 'HFFHF', 'FHFFG']",19,0.0,0.0
1,"['SHFFH', 'FHHFF', 'FFFFF', 'HHFHF', 'HHFHG']",44,0.0,0.0
1,"['SFHFF', 'FFFFF', 'FFHFH', 'FFHFF', 'HFFHG']",62,0.0,0.0
1,"['SFHHF', 'FFHHH', 'HFFFF', 'FHHHF', 'HHHHG']",100,0.0,0.0
1,"['SFHFH', 'FFFFH', 'FFFFF', 'FHHHF', 'HFFFG']",90,0.0,0.0
1,"['SFHFF', 'FHFFH', 'FHFFH', 'FFFFF', 'FHHHG']",13,0.0,0.0
1,"['SHFFF', 'FFFHH', 'FHFFF', 'HFFFF', 'HFFFG']",38,0.0,0.0
1,"['SFFFH', 'FFHFH', 'HFFHF', 'FFFFF', 'FHFHG']",64,0.0,0.0
1,"['SFFFF', 'FFFFF', 'FFFFF', 'FFFHF', 'FHFFG']",50,1.0,0.9473552137914398
1,"['SFFHH', 'FFFHF', 'FHFFF', 'HHHHF', 'FHHHG']",50,0.0,0.0
1,"['SFFFF', 'FHFFF', 'HFFFF', 'FHFFF', 'FHHFG']",79,1.0,0.9674905716180701
1,"['SHHHF', 'FHHHH', 'FHHHH', 'FHFFH', 'FFFFG']",23,0.0,0.0
1,"['SFFFF', 'HFFFF', 'FHFFF', 'HFFHF', 'FFFHG']",45,1.0,0.9332298921513504
1,"['SHHHH', 'FFFFH', 'HHHFF', 'HHHHF', 'HHHHG']",74,0.0,0.0
1,"['SFHHF', 'FFHFF', 'HFFFF', 'HFFHF', 'FFFFG']",30,0.0,0.0
1,"['SFHHH', 'HFFHH', 'HHFFH', 'FFHFH', 'HHHFG']",25,0.0,0.0
1,"['SFFFF', 'FFFHH', 'FFFHF', 'FFFFF', 'FHFFG']",35,1.0,0.9083329444789534
1,"['SFFFH', 'FFFFF', 'FFFFF', 'FFFFH', 'FFFFG']",58,1.0,0.93603800616986
1,"['SFHHH', 'FFHFH', 'FFFFH', 'FFFFF', 'HFHFG']",100,1.0,0.9502058312852957
1,"['SFFHF', 'HFFFH', 'HFFFF', 'HFHHF', 'HHHHG']",24,0.0,0.0
1,"['SFFHH', 'HFFHH', 'HHFHF', 'HHFFF', 'FHHFG']",28,0.0,0.0
1,"['SFFHH', 'HFHHF', 'HFHHH', 'FFFFF', 'HHFHG']",16,0.0,0.0
1,"['SFFFF', 'FFFFF', 'FHFFF', 'FFFFF', 'HFFFG']",61,1.0,0.9762504936564125
1,"['SFFFF', 'FFHFF', 'FFFHF', 'HFFFF', 'FFFHG']",44,1.0,0.9416796087056153
1,"['SFFFH', 'FHFFH', 'FFFHH', 'FFFHH', 'HHFFG']",20,0.0,0.0
1,"['SHHHH', 'FHHHF', 'FHHHH', 'FFFFF', 'HHHHG']",56,0.0,0.0
1,"['SFFHF', 'FFFFH', 'FHHFH', 'FFFFF', 'HFHHG']",25,0.0,0.0
1,"['SFFFF', 'HFFFF', 'FFHFF', 'FHHFF', 'HFHHG']",21,1.0,0.9110661429076764
1,"['SFHHF', 'HFHHF', 'FFFFH', 'FFHFF', 'HFFFG']",91,0.0,0.0
1,"['SHFHH', 'FFFFF', 'HHHHF', 'FFFFF', 'FHFFG']",100,0.0,0.0
1,"['SFHHF', 'FFHHH', 'FFFFF', 'FFHFF', 'FFFFG']",2,0.0,0.0
1,"['SFFFF', 'FFFFH', 'FHHFF', 'FFFFF', 'FFFFG']",48,1.0,0.9616943356035061
1,"['SFFFF', 'FFFFF', 'FFFFF', 'FFFFF', 'HHFFG']",83,1.0,0.9733217421754432
1,"['SFHHH', 'FFFFF', 'FFHFF', 'FFFFH', 'FFHFG']",36,0.0,0.0
1,"['SFHHH', 'FHFHF', 'FFFHH', 'HFFFF', 'FHHHG']",42,0.0,0.0
1,"['SFFFH', 'FFFHF', 'HHFFF', 'HFHHF', 'FHHFG']",76,0.0,0.0
1,"['SFHFH', 'FFFFH', 'FFFFF', 'FFFHF', 'FHFFG']",97,1.0,0.9762504936564125
1,"['SFFHF', 'HHFHH', 'HFFHH', 'FHFHH', 'HFFFG']",36,0.0,0.0
1,"['SFHHH', 'HFFHH', 'HHFFF', 'HHHHF', 'HHFHG']",10,0.0,0.0
1,"['SFFHH', 'HFFHH', 'HHFFF', 'FFHFH', 'FHFFG']",5,0.0,0.0
1,"['SHHHH', 'FHHHH', 'FFFHH', 'HHFHH', 'HHFFG']",76,0.0,0.0
1,"['SHHHF', 'FFFFH', 'FFHFF', 'HHFHF', 'FHFHG']",94,0.0,0.0
1,"['SFFFF', 'HFFFF', 'FFFFF', 'FFFFH', 'FFFFG']",5,0.0,0.0
1,"['SFFFH', 'HFHFH', 'HHFFF', 'HHHHF', 'HHHHG']",43,0.0,0.0
1,"['SHFFH', 'FFFHF', 'FHHHH', 'FHFFF', 'FFFFG']",24,0.0,0.0
1,"['SFFHH', 'HFFFH', 'HFHFF', 'HHHHF', 'HHHFG']",23,0.0,0.0
1,"['SFFHF', 'FFHHH', 'FHHHF', 'FHHFH', 'FFFFG']",12,0.0,0.0
1,"['SHFFF', 'FFFFH', 'FFFFF', 'HHHHF', 'HFHHG']",24,0.0,0.0
1,"['SFHHF', 'HFHHH', 'HFFHF', 'FHFHF', 'FHFFG']",93,0.0,0.0
1,"['SFFFH', 'HFHHF', 'HFHFH', 'FFFFF', 'HFFFG']",74,1.0,0.7699788094052729
1,"['SFFFF', 'FFFFF', 'FFFFH', 'FHFHF', 'HFFFG']",30,0.0,0.0
1,"['SHHFH', 'FFHHF', 'FFHHF', 'FFHHF', 'HFFFG']",28,0.0,0.0
1,"['SFFHF', 'FFHFH', 'HFFFF', 'FFFFH', 'FHHFG']",35,0.0,0.0
1,"['SHHHH', 'FFFHH', 'HFHHH', 'HFFFH', 'HHHFG']",60,0.0,0.0
1,"['SFHFF', 'HFFHH', 'HHFFH', 'FHHFH', 'FHHFG']",5,0.0,0.0
1,"['SFFHH', 'HHFHH', 'FHFFF', 'FHFHF', 'HHHHG']",11,0.0,0.0
1,"['SHHHH', 'FFFFH', 'HHHFH', 'FHHFF', 'HHFFG']",26,0.0,0.0
1,"['SHFHH', 'FFHFF', 'HFFFH', 'HFHFF', 'HHFFG']",11,0.0,0.0
1,"['SFHFF', 'FFFFH', 'HFFFH', 'FFFFF', 'FFFFG']",40,1.0,0.9791880578299021
1,"['SFHFF', 'HFFFH', 'FFFFF', 'FHFHH', 'FHFFG']",30,0.0,0.0
1,"['SFFHH', 'HFFFF', 'FFHFH', 'HHHFH', 'HHHFG']",39,0.0,0.0
1,"['SFHHH', 'FFFFF', 'HFHFH', 'HHFFF', 'FFHFG']",79,0.0,0.0
1,"['SHHFF', 'FFHHH', 'HFFFH', 'HHHFH', 'HHHFG']",74,0.0,0.0
1,"['SFFFH', 'HFHFF', 'FFHFF', 'HFHFF', 'FFFHG']",40,0.0,0.0
1,"['SFHFF', 'HFHHH', 'HFFFH', 'HFFFF', 'HFHHG']",10,0.0,0.0
1,"['SFHHH', 'FHHHH', 'FFFFH', 'HHHFF', 'FHHFG']",92,0.0,0.0
1,"['SFHHH', 'FFHFF', 'HFHFH', 'FFFFF', 'HFFHG']",21,0.0,0.0
1,"['SFHHH', 'HFFFF', 'HFFHH', 'HHFHF', 'FFFFG']",22,0.0,0.0
1,"['SHHFF', 'FFFFF', 'FFHFH', 'FFHFH', 'FHFFG']",88,0.0,0.0
1,"['SFHFF', 'HFHFH', 'HFFHH', 'HHFFF', 'HHHHG']",43,0.0,0.0
1,"['SFFHH', 'HHFFH', 'HHHFH', 'HHHFF', 'HHHHG']",36,0.0,0.0
1,"['SHHHF', 'FFHHF', 'HFHFF', 'FFHFH', 'FFFFG']",78,0.0,0.0
1,"['SFFHF', 'HFHHF', 'FFHHF', 'HFFFF', 'HFFHG']",75,0.0,0.0
1,"['SFFFF', 'FFHFF', 'HFHFF', 'HHFFF', 'HFFHG']",27,1.0,0.90289112180858
1,"['SFHFH', 'FHHHH', 'FFFFH', 'HHFFH', 'HHHFG']",50,0.0,0.0
1,"['SFFFF', 'FFFFF', 'HFFHH', 'HFFFH', 'FFHFG']",27,0.0,0.0
1,"['SFFFH', 'HFFFH', 'HHFFF', 'FHFFF', 'HFFFG']",31,1.0,0.9001824484431542
1,"['SFHHF', 'HFFFH', 'HHFFF', 'HFHFF', 'FHHFG']",12,0.0,0.0
1,"['SFFFF', 'HHFHF', 'HHHHF', 'FHHHF', 'HHHFG']",80,1.0,0.9559328248389055
1,"['SHFFF', 'FFFHF', 'FFHFF', 'FHFHF', 'HFHFG']",34,0.0,0.0
1,"['SHFFH', 'FFHFH', 'FFFFH', 'FHFFF', 'FFFFG']",17,0.0,0.0
1,"['SFHFH', 'HFFHH', 'HFHHH', 'HFFFH', 'HHHFG']",1,0.0,0.0
1,"['SFHFF', 'HFHHH', 'FFHHH', 'HFHFH', 'HFFFG']",88,0.0,0.0
1,"['SFFFF', 'FHHHF', 'HFHFF', 'FFFFF', 'HFFHG']",10,0.0,0.0
1,"['SHHHH', 'FHHHH', 'FFFHH', 'HFFFH', 'HHHFG']",16,0.0,0.0
1,"['SHHHF', 'FFFFH', 'HHFHH', 'HFFFF', 'HHHFG']",33,0.0,0.0
1,"['SFHFF', 'HFHFF', 'FFHHF', 'FFFFF', 'HFHFG']",50,0.0,0.0
1,"['SHHHH', 'FHHHH', 'FFHHH', 'HFFFF', 'HHHHG']",33,0.0,0.0
1,"['SFFFH', 'HFHFH', 'HHHFH', 'FFFFF', 'FFHHG']",75,0.0,0.0
1,"['SHFHF', 'FHHHH', 'FFFFH', 'HFHFF', 'HHHFG']",54,0.0,0.0
1,"['SFFHH', 'FFFHF', 'HHFFF', 'FHFHH', 'FFFFG']",63,1.0,0.9165572373164391
1,"['SFFFH', 'HHFFF', 'HHFHF', 'HHFFF', 'FHFFG']",74,1.0,0.9530650263643888
1,"['SFFFF', 'FHHFF', 'HFFHF', 'FFHFF', 'FFHFG']",68,1.0,0.9001824484431542
1,"['SFFHF', 'FFFFF', 'FHFHF', 'FFFHH', 'HFFFG']",57,1.0,0.8426049842298329
1,"['SFFHH', 'HFHFF', 'HFFFH', 'HHFFH', 'HHHFG']",32,0.0,0.0
1,"['SFFFH', 'FFHFF', 'HFHHF', 'FHFHF', 'FFFHG']",25,0.0,0.0
1,"['SFFFF', 'FFHFF', 'HHFHF', 'FHHFF', 'FFHFG']",60,1.0,0.9616943356035061
1,"['SHHHF', 'FFFHH', 'HFFHF', 'HFFFF', 'FFHHG']",33,0.0,0.0
1,"['SHHFH', 'FFHFH', 'HFFHF', 'FHFFH', 'FHHFG']",18,0.0,0.0
1,"['SFFFH', 'FFHFH', 'FFHFF', 'FHFFF', 'HHFHG']",7,0.0,0.0
1,"['SHHFF', 'FFFHF', 'FFFFF', 'FFFFF', 'FHFFG']",19,0.0,0.0
1,"['SHHFF', 'FFHHH', 'FFFHF', 'FHFFF', 'HFHHG']",20,0.0,0.0
1,"['SHHHH', 'FFHHH', 'HFFFH', 'HHHFH', 'HHHFG']",54,0.0,0.0
1,"['SFFHH', 'HFFFH', 'HFFFH', 'HHHFF', 'FFFFG']",59,0.0,0.0
1,"['SFFFF', 'HFHFF', 'FHHHF', 'HHHHF', 'HFFHG']",30,1.0,0.9276389118674717
1,"['SFFHF', 'FFFFF', 'FFFHF', 'FFFHF', 'FFFFG']",63,1.0,0.9645880999032158
1,"['SFFFF', 'FFFFH', 'FFHFH', 'HHFFH', 'FFHFG']",41,0.0,0.0
1,"['SFFHF', 'FFFHF', 'FFFFH', 'HFFFF', 'FFFHG']",10,0.0,0.0
1,"['SFHFF', 'FFFFH', 'FHHFH', 'FFFFH', 'FHFFG']",51,0.0,0.0
1,"['SFHHH', 'HFFHF', 'HHFFF', 'HHHHF', 'HHFHG']",81,0.0,0.0
1,"['SFHHH', 'FFFFF', 'HHHHF', 'HFHHF', 'HFHHG']",84,0.0,0.0
1,"['SFFHF', 'HFFFF', 'HFFFF', 'FHFHF', 'FHFHG']",48,1.0,0.9674905716180701
1,"['SFHHF', 'HFHHH', 'HFHHH', 'HFHFH', 'HFFFG']",25,0.0,0.0
1,"['SFFFF', 'HFHFF', 'FHHFF', 'HFHFF', 'FHHFG']",99,1.0,0.9733217421754432
1,"['SHFFF', 'FFFFF', 'FFFHF', 'FHFFF', 'FFFFG']",80,1.0,0.90289112180858
1,"['SFFHF', 'FFHFH', 'HFFFF', 'HHFFF', 'HFHFG']",39,0.0,0.0
1,"['SFFHH', 'FHFFH', 'FHHFF', 'HHHHF', 'FHFHG']",40,0.0,0.0
1,"['SHHFF', 'FFFFH', 'HHFFF', 'HHHHF', 'HHHHG']",44,0.0,0.0
1,"['SHHFH', 'FHHHH', 'FFFHF', 'FFFFH', 'HFHFG']",29,0.0,0.0
1,"['SFHHH', 'HFFHH', 'HHFHF', 'HFFFF', 'HFHHG']",14,0.0,0.0
1,"['SHHFF', 'FFFFH', 'HHFFF', 'HFHHF', 'HHFFG']",29,0.0,0.0
1,"['SHHFF', 'FFHHH', 'HFHHF', 'HFHHH', 'HFFFG']",90,0.0,0.0
1,"['SHFHH', 'FFFFF', 'HHFHF', 'HHHHF', 'HFHHG']",41,0.0,0.0
1,"['SFHFH', 'FFFHF', 'HFFFF', 'FFFHF', 'FFFHG']",69,0.0,0.0
1,"['SHHFH', 'FFFFH', 'FFFHH', 'FHFHF', 'HHFFG']",8,0.0,0.0
1,"['SFFFF', 'HFFHF', 'HFHFF', 'FFHFF', 'HFHHG']",24,1.0,0.7516921927868743
1,"['SHHHH', 'FFFFH', 'HFHFF', 'FHHFF', 'HHHHG']",20,0.0,0.0
1,"['SFFFF', 'HFFFH', 'FHFFF', 'FHFFF', 'FFFHG']",99,1.0,0.9733217421754432
1,"['SFFHF', 'HFHHH', 'HFFFF', 'HHHFF', 'HHFHG']",15,0.0,0.0
1,"['SFHFH', 'HFFHF', 'FHFHF', 'HHFFF', 'HHHHG']",95,0.0,0.0
1,"['SFFFH', 'HFFHH', 'FHFFF', 'FFHHF', 'FFHFG']",18,0.0,0.0
1,"['SFHHF', 'FFFFH', 'HFHFF', 'HHFHF', 'HHHHG']",79,0.0,0.0
1,"['SHHHF', 'FFFFF', 'FFHFF', 'FFHFF', 'FFFHG']",27,0.0,0.0
1,"['SHHHF', 'FFHHF', 'FFHFF', 'FFFFF', 'HFHHG']",22,0.0,0.0
1,"['SFFFH', 'FHFHH', 'FHFFF', 'FFFFH', 'FHHFG']",30,0.0,0.0
1,"['SHHHF', 'FHHHH', 'FHHHF', 'FFFFH', 'HHHFG']",67,0.0,0.0
1,"['SFFHF', 'HFFFF', 'FHFFF', 'FFHHF', 'FFFFG']",74,1.0,0.9056079456455165
1,"['SFFHF', 'HFFFH', 'HFFHH', 'FFHFF', 'HFFFG']",47,0.0,0.0
1,"['SFHHF', 'FHHFH', 'FFFFF', 'FHFFF', 'HFFHG']",95,0.0,0.0
1,"['SFFFF', 'FFFFF', 'FFFFF', 'FFFHF', 'FFFFG']",69,1.0,0.9445131481500655
1,"['SFFFF', 'FFFFH', 'FFHFF', 'FFFFF', 'FFFFG']",70,1.0,0.9416796087056153
1,"['SFHFH', 'HFFHH', 'HHFHH', 'HFFHF', 'FFFFG']",33,0.0,0.0
1,"['SHHFH', 'FFHHF', 'FFFFF', 'HFFHH', 'FHFFG']",90,0.0,0.0
1,"['SFFFF', 'FHFFH', 'HFHFF', 'FFFFH', 'FHFFG']",17,0.0,0.0
1,"['SHFFH', 'FFHHH', 'HFFHH', 'HHFFF', 'HHFHG']",12,0.0,0.0
1,"['SFHFF', 'HFHHH', 'HFHHF', 'HFFFH', 'HHHFG']",4,0.0,0.0
1,"['SFHFF', 'FFFFF', 'FHFFH', 'FFFFF', 'FFHHG']",1,0.0,0.0
1,"['SHHFH', 'FHHHF', 'FFFHH', 'HHFFF', 'HHFHG']",34,0.0,0.0
1,"['SHFHH', 'FHHHH', 'FFFFF', 'HFFFF', 'FFHFG']",82,1.0,0.9388545698794984
1,"['SHHHH', 'FFFFH', 'HHFFH', 'HHHFH', 'HFHFG']",34,0.0,0.0
1,"['SFHHH', 'HFHHH', 'HFHHH', 'HFHHH', 'HFFFG']",26,0.0,0.0
1,"['SFFFH', 'HHFHH', 'HHFFF', 'HHHHF', 'HHHHG']",12,0.0,0.0
1,"['SFFFF', 'FFFFF', 'FFFFF', 'FFHFF', 'FHFFG']",21,1.0,0.9645880999032158
1,"['SHHFF', 'FHHHH', 'FFFFF', 'HHFHF', 'HHHHG']",51,0.0,0.0
1,"['SHHHH', 'FFHHH', 'HFFFH', 'HHFFF', 'HHFFG']",16,0.0,0.0
1,"['SHFFF', 'FFFHF', 'FHFHF', 'FHFFF', 'FHHFG']",82,0.0,0.0
1,"['SFFFH', 'FHFHH', 'FHFFH', 'FFHFH', 'FHHFG']",74,0.0,0.0
1,"['SFFFF', 'FFHFF', 'FFFFH', 'HHFFF', 'FFHHG']",3,0.0,0.0
1,"['SFFHH', 'HHFFH', 'HFFFH', 'HHHFF', 'FFHHG']",34,0.0,0.0
1,"['SFFHF', 'HHFFH', 'HHHFH', 'FHHFF', 'HHFFG']",10,0.0,0.0
1,"['SHHHH', 'FFFFF', 'HHHFH', 'FHFFH', 'HHHFG']",80,0.0,0.0
1,"['SFFFF', 'FFFFH', 'HHFFH', 'HFFFF', 'FHHFG']",59,1.0,0.8867604854519608
1,"['SFFFF', 'FFHHF', 'HHHHF', 'HFHFF', 'FHHHG']",45,1.0,0.9056079456455165
1,"['SFFFH', 'HHFFH', 'HHFHH', 'HFFFF', 'FFFFG']",26,0.0,0.0
1,"['SFFHF', 'HHFFF', 'FHFFF', 'HHHHF', 'FFFFG']",95,1.0,0.8974819010978248
1,"['SFFHH', 'FFHHH', 'HFFHH', 'HHFFH', 'HFFFG']",23,0.0,0.0
1,"['SFFFF', 'HFHFH', 'HHFFF', 'HFHFH', 'HFHFG']",85,1.0,0.7539540549517295
1,"['SFFFH', 'FFHFF', 'FFFHF', 'FFHFH', 'FFFFG']",73,0.0,0.0
1,"['SHFHH', 'FFFFF', 'HFHHF', 'HHFHF', 'HHHHG']",38,0.0,0.0
1,"['SFFHF', 'FFHFH', 'HFHHH', 'FFFFH', 'HHHFG']",15,0.0,0.0
1,"['SFHHH', 'FFFHF', 'HHFHH', 'HHFHH', 'HHFFG']",18,0.0,0.0
1,"['SFHHH', 'HFHFH', 'HFFFF', 'HHHHF', 'HHHHG']",89,0.0,0.0
1,"['SFFHH', 'HFFFH', 'HHFHH', 'HHFFH', 'HHHFG']",82,0.0,0.0
1,"['SFFFF', 'FFFFF', 'FHFFF', 'FFFFF', 'FFFFG']",3,1.0,0.9056079456455165
1,"['SHHHH', 'FFFFF', 'HHHHF', 'HHFHF', 'HFHHG']",2,0.0,0.0
1,"['SFFFH', 'HFHHF', 'HFFFF', 'FHFFF', 'FHHHG']",72,0.0,0.0
1,"['SFFFF', 'FHFFH', 'FFFFF', 'FHFFF', 'HFHFG']",43,1.0,0.9056079456455165
1,"['SFFHF', 'FFHFH', 'HFFFH', 'FFFFH', 'FFHFG']",80,0.0,0.0
1,"['SFFFF', 'HHFHF', 'FHHFF', 'FHHHF', 'HFHHG']",26,1.0,0.835044266956004
1,"['SFFFH', 'FHHFH', 'HHHFH', 'HHHFF', 'HHFFG']",28,0.0,0.0
1,"['SFFFF', 'FHFHH', 'FFFHF', 'HFFFH', 'FFHFG']",35,0.0,0.0
1,"['SFHHH', 'HFFFH', 'FHHFH', 'HHHFF', 'HHHHG']",23,0.0,0.0
1,"['SHFFF', 'FFFFF', 'FFFFF', 'HFFHF', 'HFFFG']",22,0.0,0.0
1,"['SFHFF', 'FFFFH', 'FFFFF', 'FHFHF', 'FFFFG']",52,1.0,0.8921050870283477
1,"['SFFHH', 'HFFFH', 'HHFHF', 'HHFFH', 'HHFFG']",39,0.0,0.0
1,"['SFHFF', 'FFFFF', 'FFFHF', 'FFFFF', 'FFFFG']",82,1.0,0.9762504936564125
1,"['SFHFF', 'FFFFH', 'HFHHH', 'FFFFF', 'HFHFG']",100,0.0,0.0
1,"['SHHHH', 'FHHFH', 'FFFFH', 'HFHFF', 'HHHFG']",93,0.0,0.0
1,"['SFFHF', 'FHFFH', 'FHFFH', 'FHHFH', 'HFFFG']",40,0.0,0.0
1,"['SFFFF', 'FFHFF', 'FFFFF', 'HFFFF', 'FFFHG']",51,1.0,0.8947894553945313
1,"['SFFHF', 'HHFHH', 'HFFHH', 'FHFFF', 'HFHHG']",39,0.0,0.0
1,"['SHFFF', 'FFHFF', 'FHFHH', 'FHFFF', 'FFFFG']",99,1.0,0.90289112180858
1,"['SFFFF', 'FHFFH', 'FHFFF', 'FFFFF', 'HFHFG']",74,1.0,0.9762504936564125
1,"['SHFHF', 'FFHHH', 'HFFFF', 'HHFHF', 'HHHHG']",95,0.0,0.0
1,"['SFFHH', 'HFFFF', 'FFHHF', 'FHFFF', 'HFHHG']",90,0.0,0.0
1,"['SFHFH', 'HFFFF', 'FFFHF', 'FFFFF', 'FFFFG']",1,0.0,0.0
1,"['SHHHH', 'FHFFH', 'FFFHF', 'FHFFF', 'HFFFG']",61,0.0,0.0
1,"['SFFHH', 'HHFHF', 'HHFFH', 'FFHFF', 'HFFFG']",82,1.0,0.79346393184295
1,"['SHHHH', 'FHHHH', 'FFFFH', 'HHHFF', 'HHHHG']",6,0.0,0.0
1,"['SFFFH', 'HFFFF', 'HHHFF', 'FHFHF', 'HHHFG']",32,1.0,0.837556937769312
1,"['SHFFF', 'FHHFF', 'FFFFF', 'HFHHF', 'FHFFG']",12,0.0,0.0
1,"['SFHFH', 'HFFHH', 'HFHHH', 'HFFHF', 'FHFFG']",32,0.0,0.0
1,"['SHHHH', 'FHHHH', 'FFHFH', 'FFFFH', 'HHHFG']",42,0.0,0.0
1,"['SFFFH', 'FFFHF', 'HFFFF', 'HFHHF', 'FHFFG']",31,0.0,0.0
1,"['SFHHF', 'FFFFF', 'FFFFF', 'FFFFF', 'HHFFG']",20,1.0,0.9559328248389055
1,"['SHFFH', 'FFFFF', 'FFFHF', 'FFFFF', 'FHFFG']",22,0.0,0.0
1,"['SHHFF', 'FFHFF', 'HFFFF', 'FFHFF', 'FFFFG']",21,0.0,0.0
1,"['SFFFH', 'HFFHF', 'HFHFH', 'HFHFF', 'FFFFG']",95,0.0,0.0
1,"['SFHFF', 'FFFFF', 'HHFFF', 'FFFFF', 'FFFFG']",48,1.0,0.9416796087056153
1,"['SFFFF', 'FHFFF', 'FFFHH', 'HFFFF', 'FFFFG']",80,1.0,0.9473552137914398
1,"['SFFFF', 'HFFFF', 'FHFFF', 'FHFHF', 'FFFFG']",59,1.0,0.9791880578299021
1,"['SFHFH', 'HFFFF', 'HHHFF', 'HHHHF', 'HFHHG']",66,0.0,0.0
1,"['SFFHH', 'HFFHF', 'HHFFF', 'HFFHF', 'FFHHG']",72,0.0,0.0
1,"['SHHHH', 'FHFHH', 'FFFFF', 'HHHHF', 'HHFFG']",70,0.0,0.0
1,"['SFHHH', 'FFFHH', 'HHFHH', 'HHFFH', 'FHHFG']",32,0.0,0.0
1,"['SFFFF', 'FFFFF', 'FFFFF', 'FFFFF', 'FHFFG']",18,1.0,0.9416796087056153
1,"['SHHHF', 'FFFHH', 'HFFFH', 'FFFHF', 'FFFFG']",34,0.0,0.0
1,"['SFHFF', 'FFFHH', 'FFHHH', 'FFFHH', 'FHFFG']",37,0.0,0.0
1,"['SHFFF', 'FFHFH', 'HFFHH', 'FHFHH', 'FHFFG']",59,0.0,0.0
1,"['SFHFF', 'FFHFF', 'HFFFH', 'FFFHF', 'HHFFG']",21,0.0,0.0
1,"['SFFHH', 'HHFHH', 'HFFFH', 'HHHFH', 'HHHFG']",38,0.0,0.0
1,"['SHFFH', 'FFFHH', 'FHFFH', 'FHHHH', 'FFFFG']",38,0.0,0.0
1,"['SFHHF', 'HFFFF', 'FHFFH', 'FHFFF', 'FFHFG']",3,0.0,0.0
1,"['SFHFH', 'FFFFF', 'FHFFF', 'FFFHF', 'FHFFG']",58,0.0,0.0
1,"['SFFFH', 'FFHHH', 'HFFFF', 'HHFFF', 'HFFFG']",83,1.0,0.9704017769489168
1,"['SFHHF', 'FHFHF', 'FFHFF', 'HFFFF', 'FHFFG']",15,0.0,0.0
1,"['SHFHH', 'FFFFH', 'HFHFH', 'HHHFF', 'HFHHG']",40,0.0,0.0
1,"['SFHHF', 'HFFHH', 'HFHHH', 'HFFFH', 'HHFFG']",10,0.0,0.0
1,"['SHHHF', 'FHHHH', 'FFFHH', 'HHFFH', 'HHHFG']",56,0.0,0.0
1,"['SFHHH', 'HFFFF', 'FFHHF', 'FHFHF', 'HFHFG']",43,0.0,0.0
1,"['SFFFH', 'HHHFH', 'HFHFH', 'HHHFF', 'HHHHG']",30,0.0,0.0
1,"['SFFFF', 'FFFFH', 'FFFHF', 'HHFFH', 'FFFFG']",89,1.0,0.9388545698794984
1,"['SHFFF', 'FHFFF', 'FHFFF', 'FFFFF', 'HFHHG']",63,0.0,0.0
1,"['SFHFF', 'FFFFH', 'FHHFF', 'FFFFF', 'HHHHG']",92,0.0,0.0
1,"['SFHFH', 'FHHHF', 'FFFHH', 'HFFFF', 'FHHFG']",66,0.0,0.0
1,"['SFFFH', 'HHFFF', 'HHFHF', 'HHFHF', 'FFFFG']",60,0.0,0.0
1,"['SHFHF', 'FFFFH', 'HFFFH', 'HHHFF', 'HFHHG']",70,0.0,0.0
1,"['SFFFF', 'FHHHF', 'HHFHF', 'HHHFF', 'HFHHG']",9,0.0,0.0
1,"['SFHFF', 'HFFFH', 'FFHFF', 'HHFFH', 'HHFFG']",76,0.0,0.0
1,"['SFFHH', 'FFFHF', 'FHFHF', 'FHFFH', 'HHHFG']",13,0.0,0.0
1,"['SFFFF', 'FFFFF', 'FFFFH', 'FFFFH', 'FFFFG']",43,1.0,0.9645880999032158
1,"['SFFFH', 'FFFFH', 'FFHFF', 'HFFHH', 'FHFFG']",100,0.0,0.0
1,"['SFFHH', 'FHHHF', 'FHHHH', 'FFFFH', 'HFFFG']",98,1.0,0.9733217421754432
1,"['SHFFF', 'FFFFF', 'FFFFF', 'HHFFF', 'FFHFG']",97,1.0,0.9616943356035061
1,"['SFFFF', 'HHFFF', 'FHFFF', 'FFFHF', 'FFFHG']",6,0.0,0.0
1,"['SFFHH', 'HFFFF', 'HHFFF', 'HHFHF', 'HHHHG']",88,1.0,0.9138075656044898
1,"['SFFFF', 'HHFFF', 'HHHHF', 'HHFHF', 'HFHFG']",94,1.0,0.8894287717672626
1,"['SHFFF', 'FFFFH', 'FFFHF', 'FFFHF', 'FHFFG']",29,0.0,0.0
1,"['SFFFH', 'HFFFF', 'FFFFH', 'FFHFF', 'FFFFG']",27,1.0,0.8527925358961662
1,"['SHHFH', 'FFFHH', 'FHHHH', 'FFFHH', 'FFFFG']",39,1.0,0.860513950810667
1,"['SFFFH', 'FFFFH', 'FFHFF', 'FFFFF', 'HFHHG']",53,1.0,0.9332298921513504
1,"['SFFHF', 'FFHFH', 'FFHFF', 'FFFFF', 'FFHFG']",58,0.0,0.0
1,"['SHHHH', 'FFHHH', 'HFFHH', 'FFFFF', 'FFHHG']",4,0.0,0.0
1,"['SHFHH', 'FFFFF', 'HHHFH', 'HFHFF', 'HHFFG']",30,0.0,0.0
1,"['SFHHF', 'HFFHH', 'HHFHH', 'HHFFF', 'FHFHG']",27,0.0,0.0
1,"['SHFHH', 'FHFFH', 'FFFHH', 'HFFFH', 'HHFFG']",40,0.0,0.0
1,"['SFFFF', 'HHHHF', 'HHHHF', 'HHHHF', 'HHHFG']",72,1.0,0.9332298921513504
1,"['SFFHH', 'FHHHH', 'FFHHH', 'FFFFF', 'HHHHG']",43,0.0,0.0
1,"['SHHFH', 'FFFFH', 'HHHFH', 'HHHFH', 'HHHFG']",32,0.0,0.0
1,"['SFFHH', 'FHFFH', 'HHFFF', 'HHFHF', 'HFFFG']",53,0.0,0.0
1,"['SHHFH', 'FFHHH', 'HFHHH', 'HFHHH', 'HFFFG']",35,0.0,0.0
1,"['SHFHH', 'FHHHH', 'FHHFH', 'FFFHH', 'HFFFG']",60,0.0,0.0
1,"['SFFHH', 'HFFHF', 'FFFHH', 'FFFFF', 'FFFFG']",81,1.0,0.9733217421754432
1,"['SFHFH', 'HFHFF', 'FFFFH', 'FHHFH', 'FHFFG']",98,0.0,0.0
1,"['SFFHF', 'HHFFF', 'HHFHF', 'HHFHF', 'FHFFG']",17,0.0,0.0
1,"['SFHHF', 'FHHFF', 'FFHFF', 'FFFFF', 'FHFHG']",81,0.0,0.0
1,"['SHHHF', 'FHFHF', 'FHHHF', 'FFHFF', 'FFFFG']",79,1.0,0.7699788094052729
1,"['SHHHH', 'FFFHH', 'HFFFF', 'FFFFF', 'FFHFG']",16,0.0,0.0
1,"['SFHHH', 'FHHFH', 'FFFFH', 'HHHFH', 'HFHFG']",8,0.0,0.0
1,"['SHHHH', 'FFFHH', 'FHFHF', 'FFFFF', 'HHHFG']",41,0.0,0.0
1,"['SFHHH', 'HFHHH', 'HFFFH', 'HHHFF', 'HHHHG']",60,0.0,0.0
1,"['SFFFF', 'FHFFF', 'FHHHF', 'HHHHF', 'HFHFG']",13,0.0,0.0
1,"['SFFHH', 'FFHHH', 'FFFFF', 'HHFFF', 'HHFFG']",69,1.0,0.8476834558136123
1,"['SFFFF', 'FFFFF', 'FHFHF', 'FHHFF', 'HFHHG']",7,0.0,0.0
1,"['SFHHH', 'HFHHF', 'HFFHF', 'HHFHH', 'HHFFG']",30,0.0,0.0
1,"['SFHHH', 'HFFFH', 'HHHFH', 'HHHFH', 'HHHFG']",92,0.0,0.0
1,"['SFFHF', 'FFFFF', 'FFHFF', 'FHHHF', 'HFHFG']",30,1.0,0.8527925358961662
1,"['SFFHF', 'FFFHF', 'HFHFF', 'FFHHF', 'FFFFG']",50,0.0,0.0
1,"['SFFFH', 'FHHFH', 'FFHFF', 'FHHHF', 'FFHHG']",31,0.0,0.0
1,"['SHFHF', 'FFHFH', 'HFFHH', 'HFFFF', 'HFFHG']",71,0.0,0.0
1,"['SFFHH', 'HFFHH', 'HHFFF', 'FFHHF', 'HFHHG']",31,0.0,0.0
1,"['SFHHH', 'HFHFH', 'HFFFF', 'HFHFF', 'FHHHG']",76,0.0,0.0
1,"['SFFFF', 'FFFFF', 'FFFFH', 'FHFHF', 'FFFFG']",68,1.0,0.8761671489944468
1,"['SFFFF', 'HFFFF', 'HFFFF', 'FFFFF', 'FFFHG']",49,1.0,0.9616943356035061
1,"['SFFFF', 'HFHHF', 'HHHFF', 'HHHHF', 'FFHFG']",10,0.0,0.0
1,"['SFHFF', 'HFFFF', 'FFHFF', 'FFFFH', 'FFFFG']",35,0.0,0.0
1,"['SFFFH', 'FHHFH', 'HFHFF', 'HHHHF', 'HFFFG']",53,0.0,0.0
1,"['SFFHH', 'HHFFH', 'HFFHH', 'HFFFF', 'HHFHG']",11,0.0,0.0
1,"['SFFFF', 'FFHHF', 'FHHHF', 'HFHHF', 'FFHFG']",66,1.0,0.8006481694852418
1,"['SHFHH', 'FFFHH', 'HFHFH', 'HFFFF', 'FFFHG']",60,0.0,0.0
1,"['SFFHF', 'FFFFF', 'FFHFF', 'FFHHF', 'FFHFG']",40,0.0,0.0
1,"['SHFFH', 'FHHHH', 'FFFHF', 'FFFHH', 'HFFFG']",87,1.0,0.9762504936564125
1,"['SFFFH', 'HHFFF', 'FFHFH', 'FHHFF', 'FFFHG']",4,0.0,0.0
1,"['SHFHF', 'FFFHH', 'FHFHH', 'HHFFH', 'FHHFG']",1,0.0,0.0
1,"['SFHHF', 'FFFHF', 'FHFFH', 'FFHFF', 'FFHFG']",49,0.0,0.0
1,"['SFFFF', 'HFHFF', 'FHFFF', 'FFFHF', 'FFFFG']",2,1.0,0.93603800616986
1,"['SFFHH', 'HHFFH', 'FFHFF', 'FFHFF', 'HHHHG']",18,0.0,0.0
1,"['SFHHH', 'HFHHH', 'FFFFF', 'HHFHF', 'HHFHG']",50,0.0,0.0
1,"['SHFFF', 'FFFFH', 'HFHHF', 'FFFFF', 'HFFFG']",61,0.0,0.0
1,"['SFHHH', 'FHHHH', 'FHFHH', 'FFFFF', 'FFFHG']",39,0.0,0.0
1,"['SFFFF', 'HFHFH', 'HFFFF', 'HHFHF', 'FFFFG']",29,0.0,0.0
1,"['SFFFF', 'HFFHF', 'FFFFH', 'FHFFF', 'HHHFG']",71,1.0,0.93603800616986
1,"['SFFFF', 'FHFFF', 'FHFFF', 'FFHFF', 'HFFHG']",80,1.0,0.9645880999032158
1,"['SHHHH', 'FHHHH', 'FFFHH', 'HHFHF', 'FHFFG']",41,0.0,0.0
1,"['SHHHH', 'FFFHH', 'FHHHF', 'FFFFF', 'FFFFG']",33,0.0,0.0
1,"['SFFHH', 'FHFFF', 'FHFHF', 'HHFFF', 'FHFFG']",40,0.0,0.0
1,"['SFFFH', 'FHFHF', 'FHFFF', 'HFFFF', 'FFFFG']",96,1.0,0.9332298921513504
1,"['SFFFH', 'FHFFF', 'FHFFF', 'HFHFF', 'HFHFG']",5,0.0,0.0
1,"['SFFFF', 'FFHFF', 'FHFHF', 'FFFFF', 'FFFFG']",7,0.0,0.0
1,"['SHFFF', 'FFFFF', 'FFHFF', 'FFFFF', 'FFFFG']",13,1.0,0.7494371162085136
1,"['SFHHH', 'FFFFH', 'HHHFH', 'HFHFH', 'HFHFG']",59,0.0,0.0
1,"['SFFFH', 'FFFFF', 'FFFFF', 'FHFFF', 'FFFFG']",80,1.0,0.9388545698794984
1,"['SHHFF', 'FFHFF', 'HFFFF', 'FFFHF', 'FHHFG']",87,0.0,0.0
1,"['SHHHH', 'FHHHH', 'FFFHF', 'FHFHH', 'FHFFG']",36,0.0,0.0
1,"['SHFHH', 'FFFFH', 'HFFFF', 'HHHFF', 'HHHHG']",93,1.0,0.9248559951318693
1,"['SFHHH', 'HFFFH', 'HFFHH', 'HFFHH', 'FHFFG']",84,0.0,0.0
1,"['SFFFH', 'FFHFH', 'HFHFH', 'HHFFF', 'HHHFG']",20,0.0,0.0
1,"['SFFFF', 'HFFFF', 'HFHFF', 'FFFFF', 'FFFHG']",10,1.0,0.9332298921513504
1,"['SFFFH', 'HFFHH', 'FHFFH', 'HHHFH', 'HFHFG']",99,0.0,0.0
1,"['SHFFH', 'FFFFH', 'FFFFH', 'FHFFH', 'FFFFG']",50,1.0,0.9762504936564125
1,"['SFHHF', 'HFHHH', 'HFFFF', 'HFHHF', 'FHFHG']",98,0.0,0.0
1,"['SFFFF', 'FHFFF', 'HFFHH', 'FFFFH', 'HHFFG']",99,0.0,0.0
1,"['SFHFH', 'HFHFF', 'FFHFH', 'FFFFH', 'HFFFG']",96,1.0,0.8250687380258053
1,"['SHHFH', 'FFFFH', 'FFFHH', 'HFFFF', 'HFHFG']",76,0.0,0.0
1,"['SHFFF', 'FHHFH', 'FHFFF', 'FFFFF', 'HFFFG']",17,0.0,0.0
1,"['SFHHF', 'FFFFF', 'HHFHF', 'HFFFF', 'FFHHG']",1,0.0,0.0
1,"['SFFFF', 'HFFHF', 'HFFFH', 'HFHFF', 'FFFHG']",79,0.0,0.0
1,"['SHHFF', 'FFFHF', 'FHHHF', 'FFFFF', 'FFFFG']",66,1.0,0.9645880999032158
1,"['SFHFH', 'HFHFH', 'HFFHH', 'HHFHH', 'HHFFG']",8,0.0,0.0
1,"['SFFFF', 'FFFFF', 'FFHFF', 'FHFHF', 'FFFFG']",62,1.0,0.884100203995605
1,"['SFFFH', 'HFHFF', 'FFFFF', 'FHFFF', 'FFFHG']",61,1.0,0.9530650263643888
1,"['SFFHH', 'HFFFH', 'HHHFF', 'HHFHF', 'HHHHG']",94,0.0,0.0
1,"['SHFFH', 'FFFFF', 'HFFHH', 'HFFFH', 'HFHFG']",72,0.0,0.0
1,"['SFHHH', 'HFFHH', 'HHFHH', 'HHFFF', 'HHHHG']",76,0.0,0.0
1,"['SFFFF', 'FHFFH', 'FFFFH', 'FFFFF', 'FFFFG']",92,1.0,0.9645880999032158
1,"['SHHHH', 'FFFHH', 'HFFFH', 'HHHFH', 'HHHFG']",36,0.0,0.0
1,"['SFFHH', 'FHHHH', 'FFHFH', 'HFFHF', 'FHFFG']",29,0.0,0.0
1,"['SFFFF', 'HFFFH', 'HFHFF', 'HFFHF', 'FFHFG']",48,0.0,0.0
1,"['SFHHF', 'HFHHH', 'HFFHF', 'HHFFH', 'HHHFG']",28,0.0,0.0
1,"['SFFFH', 'FFFHF', 'HHFFH', 'FFHFF', 'FFFHG']",31,0.0,0.0
1,"['SHHHF', 'FFFFF', 'HFHFH', 'FHFFH', 'HFFFG']",61,0.0,0.0
1,"['SFHHH', 'HFFFH', 'FFFHF', 'HHFFF', 'HFHHG']",38,0.0,0.0
1,"['SFFFF', 'HHHFH', 'FFHFF', 'FFHFH', 'FFFFG']",44,1.0,0.8683052775100066
1,"['SFHFH', 'FFFFF', 'HFHHF', 'HHHHF', 'HFFHG']",6,0.0,0.0
1,"['SFFHF', 'FHFFF', 'HFHFF', 'FHHHF', 'HFHFG']",32,0.0,0.0
1,"['SFFHH', 'FHFHF', 'HFFFH', 'FFHFF', 'FFFFG']",7,0.0,0.0
1,"['SFFHF', 'HFHFF', 'FFFFF', 'FHFFF', 'FFFFG']",30,1.0,0.8788035596734672
1,"['SFFFH', 'FFFFF', 'FFFFF', 'FHFHF', 'FFHHG']",41,1.0,0.884100203995605
1,"['SFHHF', 'FHFFF', 'FFFFF', 'HFFFF', 'FFHFG']",70,1.0,0.9083329444789534
1,"['SHFFF', 'FHHFH', 'FFHFF', 'HFFFH', 'HHHFG']",27,0.0,0.0
1,"['SFFHH', 'HHFFF', 'FFHHF', 'HHHHF', 'HHHHG']",100,0.0,0.0
1,"['SFHHF', 'HFFHH', 'HFFFF', 'FFFHH', 'FHFFG']",19,0.0,0.0
1,"['SFHFH', 'FFFFH', 'FFFFF', 'FFFFF', 'HFFFG']",89,1.0,0.9473552137914398
1,"['SFHFH', 'HFFFH', 'FFFFH', 'FHFHF', 'HFFFG']",96,0.0,0.0
1,"['SHHHH', 'FHHFF', 'FHHHH', 'FFFHH', 'HFFFG']",72,0.0,0.0
1,"['SFFFF', 'HHFHF', 'HHHHF', 'HHHHF', 'HHHHG']",2,0.0,0.0
1,"['SFFFF', 'FFFFF', 'HFFFF', 'FHFHF', 'HHFFG']",74,1.0,0.9645880999032158
1,"['SHHHH', 'FHHHF', 'FHHHH', 'FFFFF', 'FFHFG']",79,0.0,0.0
1,"['SFFFF', 'FFFFF', 'FFFFF', 'FHFFF', 'FFFFG']",65,1.0,0.9588092525966956
1,"['SFHHH', 'FFFFH', 'FFHFH', 'HFHFH', 'HHHFG']",3,0.0,0.0
1,"['SFFFF', 'HFFFF', 'FHFFH', 'HFFFH', 'FFFFG']",12,0.0,0.0
1,"['SHHHH', 'FHFHH', 'FFFHH', 'FHFFH', 'HHFFG']",90,0.0,0.0
1,"['SFFFF', 'HFHHH', 'HFFFF', 'FFHFH', 'FHHFG']",6,0.0,0.0
1,"['SHHHH', 'FHHHH', 'FFFHH', 'HHFFF', 'HHHHG']",22,0.0,0.0
1,"['SFHFH', 'HFFFF', 'FFFFF', 'FHFFF', 'FFFHG']",83,1.0,0.9704017769489168
1,"['SHFHF', 'FHFHH', 'FFFFH', 'HFFFF', 'FFFFG']",84,1.0,0.9733217421754432
1,"['SFFFF', 'HFFFF', 'FFFFF', 'FFHHF', 'FFFFG']",46,1.0,0.9674905716180701
1,"['SHHHH', 'FFHHH', 'HFHHH', 'HFFHF', 'HHFFG']",3,0.0,0.0
1,"['SFFHF', 'HHFFF', 'HHHHF', 'FHHHF', 'HHHFG']",99,0.0,0.0
1,"['SHHHH', 'FHHHH', 'FHHHH', 'FFFFH', 'FHHFG']",74,0.0,0.0
1,"['SHHHH', 'FHHHF', 'FHHHH', 'FHHHH', 'FFFFG']",8,0.0,0.0
1,"['SFHFH', 'FFHHH', 'HFFFH', 'FFFHH', 'HFFFG']",60,0.0,0.0
1,"['SFHHH', 'HFHHH', 'HFFFH', 'HHHFF', 'HHFHG']",2,0.0,0.0
1,"['SFHHF', 'FFHFH', 'HFFHH', 'HFFFH', 'HHFFG']",9,0.0,0.0
1,"['SHFFF', 'FFFHF', 'FHHHF', 'FHHHF', 'HFFHG']",70,0.0,0.0
1,"['SFFFH', 'FFFFF', 'FFFFF', 'FFFFF', 'FHHHG']",18,1.0,0.9304302024748964
1,"['SFHHH', 'FFFFH', 'FHHFF', 'HFHFF', 'HFFHG']",77,0.0,0.0
1,"['SFHHF', 'FFFFF', 'FFHFF', 'FHHFH', 'HHHFG']",50,0.0,0.0
1,"['SHFFH', 'FFFHH', 'HFHFF', 'FFFFF', 'HFHHG']",95,0.0,0.0
1,"['SFFFF', 'FFHHH', 'FFHHF', 'HFFHF', 'FFFFG']",16,0.0,0.0
1,"['SFHFF', 'HFFFF', 'HFHHH', 'FFFFF', 'HFFHG']",99,0.0,0.0
1,"['SFFFF', 'HFFHF', 'FHFHH', 'HHFHH', 'FHFFG']",89,1.0,0.7494371162085136
1,"['SFFHH', 'FHFFF', 'HHFFH', 'HHHFF', 'FHFFG']",24,0.0,0.0
1,"['SHFHH', 'FHFHF', 'FFFFF', 'FHHHF', 'FFHFG']",92,0.0,0.0
1,"['SFHFH', 'HFFFH', 'HFHFH', 'HFHFF', 'FHHFG']",38,0.0,0.0
1,"['SHFFH', 'FFHFF', 'FFFFH', 'FFHFH', 'HFFFG']",70,0.0,0.0
1,"['SFHHH', 'FHHHH', 'FFHHH', 'HFFHH', 'FFFFG']",56,0.0,0.0
1,"['SHFFF', 'FFFFH', 'FFFFH', 'FHFFH', 'FFFFG']",32,0.0,0.0
1,"['SHFHH', 'FFHHH', 'HFHHH', 'HFFFF', 'HHHFG']",54,0.0,0.0
1,"['SFFHF', 'FFFFH', 'HFFHF', 'FFHFF', 'HFFFG']",50,0.0,0.0
1,"['SFFHF', 'HFFFF', 'HFHHF', 'HFFHF', 'FHFFG']",79,0.0,0.0
1,"['SFFHF', 'FFHFF', 'FFFHF', 'FFHFH', 'FFFFG']",57,1.0,0.9332298921513504
1,"['SFFHF', 'FFFFF', 'FFFFF', 'FFFHF', 'FFFFG']",46,1.0,0.9530650263643888
1,"['SHFHF', 'FHHFF', 'FFFFF', 'FFHFH', 'FHFFG']",96,0.0,0.0
1,"['SHFHH', 'FHHHH', 'FFFFF', 'HHHFF', 'HFFHG']",76,0.0,0.0
1,"['SHHHH', 'FFHHH', 'HFFFF', 'HHHHF', 'FHHHG']",74,0.0,0.0
1,"['SHHHF', 'FFFHF', 'HHFHF', 'FFFFF', 'HFHHG']",19,0.0,0.0
1,"['SFFHH', 'FFFFH', 'HFFFF', 'HFFFF', 'FHFHG']",78,1.0,0.9445131481500655
1,"['SHFFH', 'FHHHH', 'FFFFF', 'FFHHF', 'FHFFG']",90,0.0,0.0
1,"['SFFHF', 'FFFFF', 'FFHFF', 'FHFFF', 'FFHFG']",13,1.0,0.8300415167526705
1,"['SFFFF', 'FFHHF', 'FFFHF', 'FFFHH', 'HHFFG']",67,0.0,0.0
1,"['SHHHH', 'FFFFH', 'HHFFF', 'FHHHF', 'HHHHG']",81,0.0,0.0
1,"['SHFFH', 'FFFFF', 'FHFHF', 'FHHHF', 'HHFHG']",41,0.0,0.0
1,"['SFFHH', 'HFFFH', 'HHFFF', 'HHHHF', 'HHHHG']",97,1.0,0.835044266956004
1,"['SFHHF', 'FFHFF', 'HFFHH', 'HHFFF', 'FFHHG']",55,0.0,0.0
1,"['SFHHH', 'FHFFF', 'FFFFH', 'FHFFF', 'FHFFG']",67,0.0,0.0
1,"['SFHFF', 'FFFFF', 'FFFFF', 'HFFFF', 'FHFHG']",63,1.0,0.9248559951318693
1,"['SHFHH', 'FHHHF', 'FFFHF', 'FFFHH', 'HFFFG']",24,0.0,0.0
1,"['SHHHH', 'FFFFF', 'FHFFH', 'HHHFF', 'HFFHG']",30,0.0,0.0
1,"['SFFFH', 'HHFHH', 'FFFHH', 'FHFHF', 'HHFFG']",18,0.0,0.0
1,"['SFFFH', 'FHFFF', 'HFHFH', 'HHHFF', 'HHFHG']",29,0.0,0.0
1,"['SFFFF', 'HFHHF', 'HHHHF', 'HHHFF', 'HHHHG']",90,1.0,0.8974819010978248
1,"['SHFHF', 'FFFHF', 'FFFFF', 'HHFHF', 'HFHFG']",25,0.0,0.0
1,"['SFFFF', 'FFFFF', 'FFFFF', 'FFFFF', 'FFHFG']",70,1.0,0.9588092525966956
1,"['SHHHH', 'FFFFH', 'HHHFF', 'FHHHF', 'HHHHG']",58,0.0,0.0
1,"['SFFHH', 'FFHFH', 'HFHFH', 'HFFHH', 'HFFFG']",49,0.0,0.0
1,"['SFHHH', 'FFHFH', 'FHHHH', 'FFFFH', 'HFFFG']",7,0.0,0.0
1,"['SHHHH', 'FFHFH', 'HFFFF', 'HFFHF', 'FFHFG']",19,0.0,0.0
1,"['SFFFF', 'FFFFF', 'FFFFF', 'FFFFF', 'HFFFG']",45,1.0,0.9473552137914398
1,"['SFHFF', 'HFHFF', 'HFHHH', 'HFFHH', 'HHFFG']",19,0.0,0.0
1,"['SHHHF', 'FFFFF', 'HFHHF', 'HHHHF', 'HHHHG']",1,0.0,0.0
1,"['SHHHH', 'FHHFH', 'FHHHH', 'FFFFF', 'HHHHG']",85,0.0,0.0
1,"['SHHFF', 'FFFFF', 'FFFHF', 'FHFFF', 'FFFHG']",44,0.0,0.0
1,"['SHHFF', 'FFFHH', 'HHFHH', 'HHFHF', 'HFFFG']",16,0.0,0.0
1,"['SHHFH', 'FFHFH', 'HFFFF', 'FHFFH', 'FFHFG']",94,0.0,0.0
1,"['SHFFH', 'FFHHH', 'FFFFH', 'FFFFF', 'FFFFG']",33,1.0,0.9645880999032158
1,"['SFHHH', 'HFFHH', 'HHFHH', 'HHFHH', 'HHFFG']",72,0.0,0.0
1,"['SHFFF', 'FFHFH', 'FHFFH', 'FFFFF', 'FFFHG']",39,0.0,0.0
1,"['SHHFF', 'FFFFF', 'HHHFF', 'FFFFH', 'FFFFG']",50,0.0,0.0
1,"['SFFFH', 'HHHFH', 'FHHFH', 'FHHFF', 'FHFHG']",46,0.0,0.0
1,"['SFFFH', 'HHHFF', 'HHFFH', 'HFHFF', 'HHFHG']",79,1.0,0.8250687380258053
1,"['SFFHF', 'FFHFF', 'FFFHF', 'FFFFF', 'FFFHG']",18,0.0,0.0
1,"['SFHFF', 'FFFFF', 'FHFFF', 'FFHFF', 'FFFFG']",8,0.0,0.0
1,"['SFHHH', 'HFFHH', 'HFHHF', 'HFHHH', 'HFFFG']",24,0.0,0.0
1,"['SFFHH', 'HFHFH', 'HFHFH', 'HFHHH', 'FFFFG']",87,0.0,0.0
1,"['SFHHF', 'FFFFH', 'HHFFF', 'FFHFH', 'HHFFG']",51,0.0,0.0
1,"['SFFFF', 'HFFFF', 'FFFFF', 'FFFFF', 'FFFFG']",28,1.0,0.9762504936564125
1,"['SFHHF', 'FFFFH', 'HHFFF', 'FHHFH', 'FHHFG']",32,0.0,0.0
1,"['SFFFH', 'FFHHH', 'HFFFH', 'HFFFH', 'HHHFG']",19,0.0,0.0
1,"['SFFFF', 'FFFFH', 'FFFFF', 'FFFFF', 'HFFFG']",33,1.0,0.9674905716180701
1,"['SFFFF', 'FFHHF', 'FFFFF', 'FHHFF', 'FFFFG']",28,1.0,0.8974819010978248
1,"['SHHFH', 'FHHHH', 'FHHHH', 'FFFHH', 'HHFFG']",13,0.0,0.0
1,"['SFHHH', 'FFFHH', 'FHFHH', 'HHFHH', 'FHFFG']",82,0.0,0.0
1,"['SHHHH', 'FFHHH', 'HFHHF', 'HFFFF', 'HHHHG']",83,0.0,0.0
1,"['SHHHH', 'FFHFH', 'HFHHH', 'HFHFH', 'FFFFG']",97,0.0,0.0
1,"['SFHHH', 'FFHHF', 'HFFFH', 'HFFFF', 'FHHFG']",66,0.0,0.0
1,"['SFHHF', 'HFFFF', 'HHHFH', 'HHFFH', 'HFHFG']",70,0.0,0.0
1,"['SHFFH', 'FFFHF', 'HHFFF', 'FFFFF', 'HFHHG']",51,1.0,0.9445131481500655
1,"['SFHFF', 'FHFFF', 'FFFHF', 'FFFFF', 'HFFFG']",96,1.0,0.9530650263643888
1,"['SHHHF', 'FFHHF', 'HFFHF', 'FFFFF', 'FHFHG']",79,0.0,0.0
1,"['SFFHH', 'FHHFF', 'FFFHF', 'FFFFF', 'FFFHG']",11,0.0,0.0
1,"['SHHHH', 'FFFFH', 'HFHFF', 'HHHFF', 'HHHHG']",33,0.0,0.0
1,"['SFFFF', 'HHHHF', 'HHHHF', 'HHHHF', 'HHFHG']",96,1.0,0.9445131481500655
1,"['SFFFF', 'HHHFH', 'HFHFH', 'FFFFF', 'FHHFG']",84,1.0,0.9138075656044898
1,"['SFHHF', 'FFHFF', 'FFFFF', 'HFFFF', 'FFFFG']",69,1.0,0.9530650263643888
1,"['SFHFF', 'FFFHF', 'HFHFH', 'FFFFF', 'FHFFG']",82,1.0,0.8078974551636565
1,"['SFHHF', 'FFFFF', 'HHHFF', 'HHHHF', 'FHFHG']",80,1.0,0.8814479033836181
1,"['SFFHF', 'HHFFF', 'HHFHF', 'HHHHF', 'FHHFG']",13,0.0,0.0
1,"['SFFFF', 'HHHHF', 'FHFHF', 'HHHHF', 'HHHHG']",17,0.0,0.0
1,"['SFHFH', 'FFHFH', 'FFFHF', 'FFFFF', 'FFFHG']",4,0.0,0.0
1,"['SFHHH', 'HFFHH', 'HFFFH', 'FFFHH', 'HHFFG']",46,0.0,0.0
1,"['SFFFH', 'FFFFF', 'FFFFF', 'FFFFF', 'FFHHG']",40,1.0,0.9388545698794984
1,"['SFHHH', 'FFHHF', 'HFHHF', 'HFFHH', 'HHFFG']",35,0.0,0.0
1,"['SHFFF', 'FHFFF', 'FFFFF', 'FHFFF', 'FFFFG']",15,0.0,0.0
1,"['SFFFH', 'FFFFH', 'HFHFF', 'FFFFF', 'HHFFG']",88,1.0,0.9616943356035061
1,"['SFFFH', 'HFFFF', 'HHHHF', 'FHFHF', 'FHHHG']",11,0.0,0.0
1,"['SFHFH', 'FFHHF', 'HFFHH', 'FHFFF', 'HHHHG']",97,0.0,0.0
1,"['SFFFF', 'FHHFF', 'FFFFH', 'HFFFF', 'FFFHG']",44,0.0,0.0
1,"['SFFHH', 'HHFFF', 'HFHFH', 'FHHFH', 'HFHFG']",26,0.0,0.0
1,"['SHHHH', 'FFHHF', 'FHFFH', 'FFFFF', 'FHHHG']",47,0.0,0.0
1,"['SFFHF', 'HFFFH', 'FFFFF', 'FFHHF', 'FHHHG']",10,0.0,0.0
1,"['SHFFH', 'FFFFF', 'HHHHF', 'HHFHF', 'FHHHG']",65,0.0,0.0
1,"['SFFFH', 'FFHHF', 'FFFFF', 'FFFHF', 'FFFFG']",83,1.0,0.9645880999032158
1,"['SHHHH', 'FFHHF', 'HFHHH', 'HFFFH', 'HHHFG']",59,0.0,0.0
1,"['SHHHH', 'FFHHF', 'FHHHF', 'FFFHH', 'HHFFG']",89,0.0,0.0
1,"['SFHHH', 'FHHHH', 'FFFFH', 'HHFFF', 'HHHHG']",52,0.0,0.0
1,"['SHFHH', 'FFFFH', 'FHFFF', 'HFFFF', 'HFFFG']",48,0.0,0.0
1,"['SFFFH', 'FFFFF', 'FHFFF', 'HFFFH', 'FHFFG']",79,1.0,0.9502058312852957
1,"['SHHHH', 'FHFHF', 'FFHHF', 'FFFFF', 'FHHHG']",10,0.0,0.0
1,"['SFHFH', 'HFFHF', 'HHFHF', 'FFFFF', 'HHFFG']",30,0.0,0.0
1,"['SHHHH', 'FFFHH', 'FHFHH', 'HHFFF', 'HHFHG']",1,0.0,0.0
1,"['SFFHF', 'HFFHF', 'HFFFF', 'HHFFF', 'FHHFG']",15,0.0,0.0
1,"['SFFFH', 'HHFHH', 'HHFHH', 'HFFHH', 'HHFFG']",90,0.0,0.0
1,"['SHFFF', 'FFFFH', 'HFHFF', 'FFFFF', 'FFFHG']",34,0.0,0.0
1,"['SFFFH', 'FFFFF', 'HFFFF', 'FFFFF', 'FFHFG']",99,1.0,0.9762504936564125
1,"['SFHHH', 'FFFFH', 'HHHFH', 'FHFFH', 'HHHFG']",54,0.0,0.0
1,"['SFHHH', 'HFFHH', 'HFFFH', 'FFHFF', 'HHHFG']",38,0.0,0.0
1,"['SHFFH', 'FFFFH', 'HHHFF', 'FFHFH', 'FFFFG']",67,0.0,0.0
1,"['SFFFH', 'HFHHH', 'HFFFF', 'HHHHF', 'FHFHG']",85,0.0,0.0
1,"['SHFHF', 'FFHFH', 'HFFFH', 'HHHFH', 'HHHFG']",60,0.0,0.0
1,"['SFFFF', 'HFFFF', 'HFFHF', 'FFFFH', 'FFFFG']",31,0.0,0.0
1,"['SFHFF', 'FFFFF', 'FFFFF', 'FHFFF', 'FFFHG']",33,1.0,0.9332298921513504
1,"['SHFFH', 'FHHFF', 'FFFFH', 'FFFFF', 'FFFFG']",42,1.0,0.9674905716180701
1,"['SFFHF', 'FHHFF', 'FFFFF', 'FFFFF', 'FFFFG']",65,1.0,0.9588092525966956
1,"['SFHFF', 'FHFFF', 'FFFHF', 'FFFFF', 'FHHHG']",64,0.0,0.0
1,"['SHHHF', 'FFFFH', 'FFFHH', 'FHFFH', 'FHHFG']",17,0.0,0.0
1,"['SHHHH', 'FFFFH', 'FFFHH', 'FHFHH', 'HHFFG']",98,0.0,0.0
1,"['SFHHH', 'HFHHH', 'HFFFH', 'HHHFH', 'HHHFG']",82,0.0,0.0
1,"['SHFHH', 'FHFFH', 'FHFFF', 'FHFFF', 'FFFFG']",87,1.0,0.8947894553945313
1,"['SHHHH', 'FFFHH', 'HFFFH', 'FFHFH', 'FHFFG']",70,0.0,0.0
1,"['SHHFH', 'FHHFF', 'FFHHH', 'HFFFH', 'HHHFG']",58,0.0,0.0
1,"['SFFFF', 'HFHFF', 'HHHHF', 'HFHHF', 'HFHFG']",9,0.0,0.0
1,"['SHHHH', 'FFHHH', 'FFFFH', 'HHHFF', 'FFHFG']",90,0.0,0.0
1,"['SFHFH', 'FFFHF', 'FFFFF', 'HFHFF', 'HHHHG']",16,0.0,0.0
1,"['SFHFF', 'FFHHF', 'HFFFF', 'FHFFF', 'FFFHG']",98,1.0,0.8127667407072335
1,"['SHHHH', 'FHHHH', 'FFHHH', 'FFHHH', 'HFFFG']",15,0.0,0.0
1,"['SFHHH', 'FFFHF', 'FFFHH', 'FFFFF', 'FFFFG']",67,1.0,0.9733217421754432
1,"['SFFFF', 'FHFHH', 'HHFHH', 'HFFFF', 'HFFFG']",81,1.0,0.9001824484431542
1,"['SHHHH', 'FFFFH', 'HHFFH', 'HHHFF', 'HHHFG']",77,0.0,0.0
1,"['SHHFF', 'FFFFF', 'FFFFH', 'FFFFF', 'FFFFG']",89,1.0,0.9791880578299021
1,"['SFFFF', 'HHFHF', 'HFHFF', 'HHFFF', 'HFFHG']",45,1.0,0.8683052775100066
1,"['SFHHH', 'HFFHF', 'HFHHF', 'FFFFH', 'HFFFG']",91,1.0,0.8325391341551359
1,"['SFHFF', 'HFFHF', 'FFHFF', 'HFHHH', 'FFFFG']",51,0.0,0.0
1,"['SHHHF', 'FFHHF', 'FFHHF', 'HFFFH', 'HHHFG']",88,0.0,0.0
1,"['SFFFF', 'HFFHH', 'FFFFF', 'FFFFF', 'FHFHG']",69,1.0,0.9276389118674717
1,"['SFHHH', 'FFFFH', 'HHHFF', 'HHFFF', 'HHHFG']",17,0.0,0.0
1,"['SFFFF', 'HFFHH', 'FFFFH', 'HFFFF', 'HHFHG']",40,1.0,0.7792882711929549
1,"['SFHHH', 'HFFHF', 'FFHFH', 'FFHFH', 'FFFFG']",91,0.0,0.0
1,"['SHFFF', 'FFHHF', 'FFFFF', 'FFFFH', 'FFFFG']",39,1.0,0.9388545698794984
1,"['SFHFF', 'FFFFF', 'FFFFF', 'HHFFF', 'FHFFG']",14,0.0,0.0
1,"['SHHFF', 'FFFFF', 'HHFHH', 'FHFHF', 'HFFFG']",24,0.0,0.0
1,"['SFHFH', 'HFHHH', 'HFHHH', 'HFHHH', 'HFFFG']",73,0.0,0.0
1,"['SFHHF', 'FFHFH', 'FFFFF', 'FFHFF', 'FHHFG']",92,1.0,0.7887102894272789
1,"['SFFHH', 'HHFFH', 'HHHFH', 'HHHFF', 'FHHFG']",78,0.0,0.0
1,"['SFFFH', 'HFFHF', 'HHFHH', 'HFFFF', 'FHHFG']",37,0.0,0.0
1,"['SHHHF', 'FFFFF', 'FHHFF', 'HFHHF', 'FHFHG']",33,0.0,0.0
1,"['SFFFH', 'HHFFF', 'FFFFF', 'FHHHF', 'FFHFG']",48,1.0,0.9416796087056153
1,"['SFFFH', 'HFHHH', 'FFHFH', 'HFFFH', 'HHFFG']",95,0.0,0.0
1,"['SHHFF', 'FHHFH', 'FFFFF', 'HFFFF', 'HFFFG']",22,1.0,0.9762504936564125
1,"['SFHHH', 'FFFHF', 'HFFFF', 'FFHFH', 'FHHFG']",12,0.0,0.0
1,"['SFHHF', 'HFHFF', 'HFHFH', 'HFFFF', 'FFHFG']",75,0.0,0.0
1,"['SFFFF', 'FFFFF', 'FFFFF', 'FFFFF', 'FFFFG']",47,1.0,0.9588092525966956
1,"['SHHHH', 'FFFFF', 'HHFFF', 'HFHHF', 'FHFFG']",40,0.0,0.0
1,"['SFHHH', 'HFFFH', 'HFFHF', 'FFHFH', 'FFFFG']",89,1.0,0.7630697687590515
1,"['SFFHH', 'HFHHF', 'HFFFF', 'HHFFF', 'HHHFG']",84,0.0,0.0
1,"['SFHHH', 'HFHHH', 'HFFFF', 'HHHHF', 'FHHHG']",16,0.0,0.0
1,"['SFHHH', 'HFFFF', 'FHHHF', 'HFHFF', 'FFHHG']",83,0.0,0.0
1,"['SFHFH', 'FFFFH', 'FFHFF', 'HHHHF', 'HFHFG']",27,0.0,0.0
1,"['SFFFF', 'FHFFF', 'FFHFF', 'FFFFF', 'FHFFG']",72,1.0,0.9704017769489168
1,"['SHHHH', 'FFFHF', 'FHFHF', 'HHFFH', 'HHHFG']",33,0.0,0.0
1,"['SFHFF', 'FFFFF', 'FFFFH', 'FFFFF', 'FFFFG']",43,1.0,0.9733217421754432
1,"['SFHHH', 'FFFFH', 'HHHFH', 'FFHFH', 'HHFFG']",74,0.0,0.0
1,"['SFFFF', 'HFFFF', 'HHFHF', 'HFFFF', 'FFFHG']",1,0.0,0.0
1,"['SFFFH', 'FFFFF', 'FFFFF', 'FFFFF', 'FFHFG']",96,1.0,0.9645880999032158
1,"['SHHHH', 'FFFHH', 'HHFHF', 'HHFHH', 'HHFFG']",90,0.0,0.0
1,"['SFFFF', 'FHHFF', 'FFFHF', 'FFFFF', 'HFFHG']",59,1.0,0.9473552137914398
1,"['SFHHH', 'FHHHH', 'FFHFF', 'HFFHF', 'FFFFG']",29,0.0,0.0
1,"['SFFHF', 'HHFFH', 'HHFFF', 'HHHFF', 'HHHFG']",23,1.0,0.8974819010978248
1,"['SHHFH', 'FFFFF', 'HFFFF', 'FFHFF', 'HHFFG']",84,1.0,0.8476834558136123
1,"['SFFHH', 'HFHHF', 'HFFFH', 'HHFFF', 'HHHFG']",74,0.0,0.0
1,"['SFFFF', 'FFFHF', 'FFFFF', 'FFFHF', 'FFFFG']",24,1.0,0.9616943356035061
1,"['SFFFF', 'FFFFF', 'FFFFF', 'HFFFH', 'FFHFG']",89,1.0,0.8709180316048211
1,"['SFFFF', 'HFFFF', 'FHFFH', 'FFHFF', 'FFHFG']",69,1.0,0.9588092525966956
1,"['SFFFF', 'HHHFH', 'HFHFF', 'HFHFF', 'HFFHG']",47,1.0,0.8947894553945313
1,"['SFHHF', 'FFFFF', 'FHFFF', 'FFFFH', 'HFFFG']",6,0.0,0.0
1,"['SFFHH', 'FHFFH', 'FHFHH', 'FHFFF', 'HHHHG']",87,0.0,0.0
1,"['SFFFF', 'FHFHF', 'HHFFH', 'HFFHF', 'FHFFG']",41,0.0,0.0
1,"['SFFFH', 'FFFHF', 'FHFFF', 'HHFHF', 'HHFHG']",70,0.0,0.0
1,"['SFHHF', 'FHHFH', 'FFHFH', 'FFFFF', 'HHHHG']",77,0.0,0.0
1,"['SFFFH', 'FHFFH', 'FFFFF', 'FFFFF', 'FFHFG']",32,1.0,0.9645880999032158
1,"['SFFHH', 'HFFHF', 'FFFHF', 'FHFHF', 'FFFFG']",12,0.0,0.0
1,"['SFFHH', 'HHFHF', 'HHFHH', 'HHFFF', 'HHHFG']",77,0.0,0.0
1,"['SHHHF', 'FFFFF', 'FHFFF', 'FFHFF', 'FHFFG']",55,0.0,0.0
1,"['SFFFF', 'FFFHF', 'HHFFF', 'FFHFF', 'FFFFG']",81,1.0,0.9530650263643888
1,"['SFFHH', 'FFFFF', 'HHHFH', 'FFHFF', 'HHFHG']",34,0.0,0.0
1,"['SHHFF', 'FFFHF', 'FHFHH', 'FHFFF', 'HHFFG']",73,0.0,0.0
1,"['SHHHH', 'FHFHH', 'FHHHH', 'FFFHF', 'HHFFG']",49,0.0,0.0
1,"['SFFFH', 'HHHFF', 'FHHHF', 'HHHHF', 'HHFHG']",63,0.0,0.0
1,"['SHHHH', 'FFFFH', 'FFFFF', 'HFHHF', 'HHHHG']",84,0.0,0.0
1,"['SFFFF', 'FFFFH', 'FFFFH', 'HHFHH', 'HFFFG']",19,0.0,0.0
1,"['SHFFH', 'FFFFF', 'FHFHF', 'FHHHF', 'FHHHG']",7,0.0,0.0
1,"['SFHFF', 'FFHHF', 'FFFFF', 'FHFFH', 'HHFFG']",48,0.0,0.0
1,"['SFFFF', 'FHFHH', 'FHFFH', 'HFFFF', 'FFFFG']",82,1.0,0.9530650263643888
1,"['SFFFH', 'FFHFF', 'FFHFF', 'HHHFH', 'HHFFG']",70,1.0,0.8006481694852418
1,"['SHFHH', 'FFFFH', 'HHFHF', 'FFFFF', 'FFHFG']",32,0.0,0.0
1,"['SFFHH', 'FFHHH', 'FFFHF', 'FHFFH', 'HFHFG']",41,0.0,0.0
1,"['SFFFF', 'FHFFH', 'FHHFH', 'FHHFH', 'HFHFG']",92,1.0,0.9220814271464737
1,"['SFFFF', 'FFFFH', 'FFFFF', 'FFFHH', 'FFFFG']",53,1.0,0.9733217421754432
1,"['SFHFF', 'HFFFF', 'FHHFF', 'HFHFF', 'FFHFG']",31,1.0,0.7653658663581259
1,"['SHFFF', 'FFFFH', 'FFHFH', 'FHFFF', 'HFHFG']",87,0.0,0.0
1,"['SFHHH', 'HFFFH', 'HFHFH', 'HFFFF', 'HHHFG']",3,0.0,0.0
1,"['SFHHH', 'HFHHH', 'HFFFH', 'FHFFH', 'HHHFG']",34,0.0,0.0
1,"['SHHHH', 'FFHHF', 'HFHFH', 'HFFFH', 'FHFFG']",32,0.0,0.0
1,"['SFFHH', 'HFFFF', 'FHHHF', 'FHHHF', 'HFFHG']",60,0.0,0.0
1,"['SFFFF', 'HFHHF', 'FFFFF', 'FHFFH', 'HHHFG']",43,0.0,0.0
1,"['SFFFH', 'FFFHF', 'FHFFF', 'FFFFF', 'FFFFG']",63,1.0,0.9530650263643888
1,"['SFFHF', 'FFHHF', 'FFFHH', 'HHFHH', 'HHFFG']",30,0.0,0.0
1,"['SFFFH', 'FHFHH', 'FFFFF', 'FHFFH', 'FHFFG']",43,0.0,0.0
1,"['SFFHH', 'HFFFH', 'HHFFF', 'FFFFF', 'FFFFG']",97,1.0,0.9645880999032158
1,"['SFFFF', 'FHFFH', 'FHFFF', 'HFFFF', 'HFHFG']",16,1.0,0.9248559951318693
1,"['SFHHH', 'HFHHH', 'FFHHF', 'HFHHH', 'HFFFG']",6,0.0,0.0
1,"['SHHFH', 'FHHFH', 'FFFFH', 'FHFFH', 'HHFFG']",35,0.0,0.0
1,"['SFHHF', 'FHHFF', 'FFFHH', 'FFFFF', 'HHHFG']",79,0.0,0.0
1,"['SFFFH', 'HFFHH', 'HFFHH', 'FFHHF', 'FFFFG']",15,0.0,0.0
1,"['SFFFH', 'HHFFF', 'FFFFF', 'FFFFF', 'HFHFG']",62,1.0,0.9502058312852957
1,"['SFFFF', 'FFFFH', 'HHFHH', 'FHFFH', 'HHHFG']",29,0.0,0.0
1,"['SHHFH', 'FFFHF', 'HFFFH', 'HFHFH', 'FFFFG']",87,0.0,0.0
1,"['SFHFH', 'FFHFF', 'HFFHH', 'HHFFH', 'HFHFG']",50,0.0,0.0
1,"['SFFFH', 'HFFHH', 'FFHFH', 'HFFFH', 'FFFFG']",44,0.0,0.0
1,"['SFFFH', 'FFFFF', 'FFFFF', 'FFFHF', 'FFFFG']",45,1.0,0.8921050870283477
1,"['SFFFH', 'HHFFF', 'FHFFF', 'FFFFF', 'HFFFG']",72,1.0,0.9704017769489168
1,"['SFFHH', 'HFHFH', 'HFFFF', 'HHHHF', 'HHHHG']",34,0.0,0.0
1,"['SFHHH', 'FHFHH', 'FFHHH', 'HFFFF', 'FHFHG']",60,0.0,0.0
1,"['SFFFH', 'HFFFF', 'HFFFF', 'FFHFH', 'HHHFG']",62,0.0,0.0
1,"['SFHFF', 'FFFFH', 'HFHFF', 'FFFFH', 'FFHFG']",4,0.0,0.0
1,"['SFFFH', 'HHFFH', 'FFFFF', 'HHHFF', 'HHHHG']",19,1.0,0.8225935318117279
1,"['SFFFH', 'HFFFF', 'HHFHF', 'FFFFF', 'FHHFG']",37,1.0,0.8275513922024125
1,"['SFFHH', 'HFFFF', 'FFFFF', 'HHHHF', 'FFFFG']",77,1.0,0.9674905716180701
1,"['SFFFH', 'FFFFF', 'FFFFF', 'HFFFF', 'FFFFG']",21,1.0,0.9616943356035061
1,"['SHHHH', 'FHHFF', 'FFFHH', 'FHFFF', 'FHFHG']",42,0.0,0.0
1,"['SFFFH', 'HFHHF', 'HFFFH', 'HFFHF', 'HHFFG']",54,0.0,0.0
1,"['SFFHH', 'HFFFF', 'FFHHF', 'FHFHF', 'HHFHG']",47,0.0,0.0
1,"['SFHHH', 'FFHHH', 'HFFHH', 'HHFHH', 'HHFFG']",17,0.0,0.0
1,"['SHHFH', 'FFHFH', 'FHHHH', 'FHHHF', 'FFFFG']",50,0.0,0.0
1,"['SFHHF', 'HFHHF', 'HFFFF', 'HHFHF', 'FHFFG']",72,0.0,0.0
1,"['SHHHH', 'FFFHH', 'HHFFH', 'HHFFF', 'FFHFG']",95,0.0,0.0
1,"['SFHHH', 'HFFHH', 'HHFHH', 'HHFFH', 'HHHFG']",67,0.0,0.0
1,"['SFFHH', 'HFHFH', 'FFFHH', 'HFFFF', 'HHHHG']",25,0.0,0.0
1,"['SFFHF', 'FFFFF', 'FHFFF', 'HHHHF', 'HFFFG']",2,1.0,0.9165572373164391
1,"['SHFHF', 'FFFFH', 'FFFFH', 'FFHFH', 'FFFFG']",7,0.0,0.0
1,"['SHFFH', 'FFHHH', 'HFFFF', 'FFHFH', 'FHHFG']",75,0.0,0.0
1,"['SHHHH', 'FHFHH', 'FFFFF', 'FFHHF', 'HHHHG']",82,0.0,0.0
1,"['SHHHH', 'FFHHH', 'HFFFF', 'HHHHF', 'HHHHG']",1,0.0,0.0
1,"['SFHHF', 'FHHHH', 'FFFFH', 'HHFHH', 'FFFFG']",76,0.0,0.0
1,"['SFFFF', 'HFFFF', 'FFHFF', 'FFHFF', 'FFFHG']",57,1.0,0.9674905716180701
1,"['SFFHH', 'FFFHH', 'HHFFF', 'HHHFF', 'HHHFG']",36,0.0,0.0
1,"['SHFFH', 'FFFFF', 'FHFFH', 'FFFFH', 'FFFFG']",90,1.0,0.9616943356035061
1,"['SFFFF', 'FFFFF', 'FFFFF', 'FFFFF', 'FFFFG']",86,1.0,0.9530650263643888
1,"['SFFHF', 'FHFFF', 'FHFHF', 'HHFFF', 'FFHHG']",80,1.0,0.767668872977057
1,"['SFFHF', 'HHFHH', 'HHFFH', 'HHHFF', 'FHHFG']",18,0.0,0.0
1,"['SFHFH', 'HFHHF', 'FFHHF', 'HFFFF', 'HHHFG']",23,0.0,0.0
1,"['SHHFH', 'FFHHH', 'FHHHH', 'FFFFF', 'FFHHG']",16,0.0,0.0
1,"['SFFHF', 'FFFFH', 'FHFHH', 'FFFFF', 'FHHFG']",48,0.0,0.0
1,"['SFHHF', 'FFFFF', 'FFFHF', 'FHFFF', 'FHFFG']",53,0.0,0.0
1,"['SHFHH', 'FHHHH', 'FFFFF', 'HHHFH', 'HFHFG']",87,0.0,0.0
1,"['SFHFH', 'HFFFH', 'FHFFH', 'HHFFF', 'HFFFG']",62,1.0,0.9165572373164391
1,"['SFFFF', 'FFHFF', 'FFFHF', 'HFFFF', 'FFFHG']",17,0.0,0.0
1,"['SFFFF', 'HFFHF', 'FFFHH', 'HHFFF', 'FFHFG']",46,0.0,0.0
1,"['SHHHF', 'FHHFH', 'FHHHH', 'FFHFF', 'HFFFG']",57,0.0,0.0
1,"['SHFHH', 'FFFFF', 'FFFFF', 'FFHFF', 'HHHFG']",30,1.0,0.9248559951318693
1,"['SFHFH', 'HFFFH', 'FHHFH', 'HFHFF', 'HHFHG']",41,0.0,0.0
1,"['SFFFF', 'FFFFF', 'FFFFF', 'FHFHF', 'HFHFG']",82,1.0,0.9733217421754432
1,"['SFFHH', 'FFFFF', 'FFFFF', 'HHHFH', 'FFFFG']",54,1.0,0.884100203995605
1,"['SFFHF', 'HFFHF', 'HHFHH', 'HFFFH', 'HHHFG']",41,0.0,0.0
1,"['SFFHF', 'HFHHH', 'FFFHF', 'HHFFF', 'FHFHG']",30,0.0,0.0
1,"['SHFFF', 'FFFFF', 'FHFHF', 'FFFFF', 'FHHFG']",100,0.0,0.0
1,"['SFFFF', 'HHFFF', 'HHFFF', 'FFFFF', 'FHFFG']",89,1.0,0.9704017769489168
1,"['SFFFF', 'FFFFF', 'HHFFH', 'FFFFF', 'HHFFG']",23,1.0,0.8683052775100066
1,"['SFFFH', 'HHHFH', 'FFHFF', 'HHFFH', 'HHHFG']",35,0.0,0.0
1,"['SHHFH', 'FFFFH', 'FHFHF', 'FFFFF', 'HFFFG']",35,0.0,0.0
1,"['SFFFF', 'HHFFH', 'HHHFF', 'FFFHF', 'HFHHG']",85,1.0,0.8103284404851119
1,"['SFHHH', 'HFFHH', 'HFFFH', 'HFHHH', 'HFFFG']",72,0.0,0.0
1,"['SFFFF', 'FFFFF', 'FFFHF', 'FFFFF', 'HFFFG']",89,1.0,0.9502058312852957
1,"['SFHFH', 'FFFHH', 'FFFFF', 'FFFFF', 'FHFHG']",35,1.0,0.8709180316048211
1,"['SHHHH', 'FHHHH', 'FFHHF', 'HFFFH', 'HHHFG']",70,0.0,0.0
1,"['SHFHH', 'FHFHF', 'FFHFF', 'HFFFF', 'FHHFG']",2,0.0,0.0
1,"['SHFHH', 'FHHFH', 'FHHFH', 'FFFFH', 'HHHFG']",100,0.0,0.0
1,"['SFHHH', 'FFFFF', 'FFFFF', 'FFFHF', 'FFFFG']",81,1.0,0.9791880578299021
1,"['SHHHH', 'FHHHH', 'FFFHH', 'HFHHH', 'FFFFG']",74,0.0,0.0
1,"['SFFFH', 'HHFFF', 'HHHFH', 'HFHFF', 'HHFHG']",12,0.0,0.0
1,"['SFFFF', 'FFFFF', 'HFFFH', 'FFHFF', 'FFFFG']",10,0.0,0.0
1,"['SFFFH', 'FHFHF', 'HFFHH', 'HFFFF', 'HHFHG']",31,0.0,0.0
1,"['SFHFF', 'HFFFF', 'HFHFF', 'FFFFF', 'FHHFG']",96,1.0,0.9248559951318693
1,"['SFFFH', 'HHFFH', 'HHFHH', 'HHFFF', 'FHHFG']",72,0.0,0.0
1,"['SHFFH', 'FFFFF', 'HFFFF', 'FHFFF', 'FFHHG']",46,0.0,0.0
1,"['SHFHF', 'FFFHF', 'FFFFF', 'FHHFF', 'HHFFG']",6,0.0,0.0
1,"['SFFFH', 'HFFFF', 'HFFHF', 'FFFFH', 'HFFFG']",15,0.0,0.0
1,"['SFHHF', 'HFHHH', 'HFFFH', 'HHHFF', 'FHHHG']",86,0.0,0.0
1,"['SFHHH', 'FFFFH', 'HHFFH', 'HFHFH', 'FHHFG']",14,0.0,0.0
1,"['SFFHH', 'FHFFF', 'HHFFF', 'HHFFF', 'FHFHG']",48,1.0,0.9304302024748964
1,"['SFFHF', 'FFFHF', 'FFFFH', 'FHFFF', 'FFFFG']",1,0.0,0.0
1,"['SFFFH', 'FFFHF', 'HHFHH', 'FFFHH', 'FFFFG']",7,0.0,0.0
1,"['SFFFF', 'HHHHF', 'HHHHF', 'HHFHF', 'HHHFG']",47,1.0,0.8814479033836181
1,"['SFHFH', 'HFFFH', 'FFFFF', 'HHHFF', 'FFFFG']",7,0.0,0.0
1,"['SFFFF', 'FFFFF', 'FFFFH', 'FFFFF', 'FFFFG']",82,1.0,0.9762504936564125
1,"['SHHHH', 'FFFHH', 'HHFHH', 'FHFFH', 'HHHFG']",66,0.0,0.0
1,"['SFFFF', 'FHFHF', 'FHFFF', 'FFFFF', 'HFHFG']",33,1.0,0.8527925358961662
1,"['SFHHF', 'FFFFF', 'FFHFH', 'HHHFF', 'FFFHG']",58,0.0,0.0
1,"['SFHHF', 'FFFFF', 'FFFHF', 'FFFFF', 'HFHFG']",100,1.0,0.9616943356035061
1,"['SHHHH', 'FFHHH', 'HFFFH', 'FFFHH', 'FFFFG']",87,0.0,0.0
1,"['SFHHF', 'FHFFF', 'FHFFF', 'FHHFF', 'FFFFG']",62,0.0,0.0
1,"['SFHFH', 'HFFFH', 'HFFFF', 'FHHFF', 'FHFFG']",23,0.0,0.0
1,"['SHHHF', 'FFFFF', 'FHFFF', 'HFFHF', 'FFFFG']",90,0.0,0.0
1,"['SFFHH', 'HFFHH', 'FHFHH', 'HFFFH', 'HHHFG']",63,0.0,0.0
1,"['SHFHH', 'FFHHH', 'HFFFF', 'HHFHF', 'HFHHG']",77,0.0,0.0
1,"['SFHFF', 'FFFFF', 'HFFHF', 'HHFFF', 'FFFFG']",76,1.0,0.9530650263643888
1,"['SFHHH', 'HFHHH', 'FFFHH', 'HFFFF', 'HHHFG']",89,0.0,0.0
1,"['SFFHF', 'FFHHH', 'FHHFF', 'FFFFF', 'FHHFG']",55,0.0,0.0
1,"['SFFHF', 'FFFHF', 'HHFFF', 'FFFHH', 'FHFFG']",97,0.0,0.0
1,"['SFHFF', 'FFFHF', 'FFFFF', 'FFFFF', 'FHHFG']",99,1.0,0.9733217421754432
1,"['SFFFF', 'FFHFF', 'FFHFF', 'FFFHF', 'FHFFG']",12,1.0,0.8476834558136123
1,"['SHFHH', 'FFHHF', 'HFFFF', 'FHFFH', 'HHHFG']",72,0.0,0.0
1,"['SFHFH', 'FFHHH', 'HFFFF', 'FHHHF', 'FFFHG']",17,0.0,0.0
1,"['SFFFH', 'FFFFF', 'FFFFH', 'FHFFF', 'FFFFG']",49,1.0,0.9220814271464737
1,"['SFFFH', 'HHHFH', 'HHHFF', 'HHFFH', 'HHFFG']",84,1.0,0.7516921927868743
1,"['SFFFF', 'HFHHH', 'FFFFF', 'FFHFF', 'HHHFG']",4,0.0,0.0
1,"['SFHHF', 'FFFFH', 'FFFFF', 'FFFFF', 'HFFFG']",85,1.0,0.9704017769489168
1,"['SHFHH', 'FHFFH', 'FFFHF', 'FFFFF', 'FFFFG']",47,1.0,0.9388545698794984
1,"['SFFHF', 'FHHHF', 'FFHFF', 'FHHHH', 'FFFFG']",53,0.0,0.0
1,"['SFFFH', 'FFFFH', 'FHFFF', 'HHHFH', 'FFFFG']",30,0.0,0.0
1,"['SHHHF', 'FFFFF', 'FFFFF', 'FFFFF', 'FHFFG']",94,1.0,0.9762504936564125
1,"['SFFFH', 'FFFFF', 'FFFFF', 'FFFFF', 'FFFFG']",46,1.0,0.9416796087056153
1,"['SFFFF', 'HHFFF', 'HFFFH', 'FFFHF', 'FFFFG']",38,0.0,0.0
1,"['SHHHF', 'FFHHH', 'HFHFH', 'HFFFF', 'HHHHG']",15,0.0,0.0
1,"['SFFHH', 'FFFFH', 'FFFHF', 'HFFHH', 'FFFFG']",76,1.0,0.860513950810667
1,"['SFFHH', 'FHFHH', 'FHHFF', 'FFFFH', 'HFHFG']",33,0.0,0.0
1,"['SHHFH', 'FFHHH', 'HFHFH', 'FFFFF', 'FFFHG']",1,0.0,0.0
1,"['SFFHH', 'HHFHF', 'HFFFH', 'HHFFF', 'HFHHG']",15,0.0,0.0
1,"['SHHFH', 'FFHFH', 'FFHHH', 'HFFHH', 'FHFFG']",6,0.0,0.0
1,"['SFFHH', 'FFHHF', 'HFHFH', 'HFFFF', 'FFHFG']",81,0.0,0.0
1,"['SFFFF', 'FHFFH', 'HHFFH', 'HFFFH', 'HFHFG']",38,0.0,0.0
1,"['SHFFF', 'FFHFH', 'FHFFF', 'FFFHF', 'FHFHG']",1,0.0,0.0
1,"['SFHHH', 'FFHHH', 'HFFFF', 'HHHHF', 'FFFFG']",28,0.0,0.0
